user_id,signup_date,city_tier,segment,preferred_device
U000001,2025-12-30,3,regular,web
U000002,2025-05-25,1,regular,web
U000003,2025-09-01,2,value,web
U000004,2025-12-24,2,premium,mobile
U000005,2025-06-15,2,value,mobile
U000006,2026-01-09,2,value,web
U000007,2026-01-11,1,value,mobile
U000008,2025-08-26,1,value,mobile
U000009,2025-11-02,3,value,mobile
U000010,2025-08-18,2,value,web
U000011,2025-10-13,2,value,web
U000012,2025-12-11,1,value,mobile
U000013,2025-11-06,2,regular,mobile
U000014,2025-06-28,1,value,web
U000015,2025-09-20,2,regular,web
U000016,2025-11-24,2,regular,web
U000017,2025-09-21,3,value,web
U000018,2025-06-27,1,value,mobile
U000019,2025-11-09,2,value,web
U000020,2025-10-31,1,premium,mobile
U000021,2025-10-06,3,regular,mobile
U000022,2025-07-11,2,value,web
U000023,2025-09-15,1,value,web
U000024,2025-09-27,3,premium,web
U000025,2025-06-06,2,regular,web
U000026,2025-12-30,2,regular,
U000027,2025-09-24,3,regular,mobile
U000028,2025-04-20,2,value,mobile
U000029,2025-06-22,3,regular,mobile
U000030,2025-11-25,2,value,web
U000031,2025-10-23,3,regular,web
U000032,2025-09-09,1,value,mobile
U000033,2025-08-26,2,regular,web
U000034,2025-07-24,2,value,mobile
U000035,2026-01-04,2,value,mobile
U000036,2025-07-15,2,regular,web
U000037,2025-12-02,1,premium,mobile
U000038,2025-04-25,1,value,web
U000039,2025-09-07,1,value,web
U000040,2025-06-19,2,value,mobile
U000041,2025-08-05,1,regular,mobile
U000042,2025-10-03,2,premium,mobile
U000043,2025-04-24,2,value,mobile
U000044,2025-05-03,1,value,web
U000045,2025-09-20,3,value,mobile
U000046,2025-10-16,2,premium,web
U000047,2025-04-22,2,value,web
U000048,2026-01-10,2,value,web
U000049,2025-08-10,3,regular,web
U000050,2026-01-15,2,premium,mobile
U000051,2025-05-14,1,regular,mobile
U000052,2025-12-19,2,value,mobile
U000053,2025-10-09,1,regular,web
U000054,2025-11-25,1,regular,mobile
U000055,2025-11-26,3,premium,web
U000056,2025-05-26,2,regular,web
U000057,2025-05-23,2,value,mobile
U000058,2026-01-12,1,regular,web
U000059,2025-08-08,3,regular,mobile
U000060,2025-06-02,2,regular,web
U000061,2025-10-05,1,regular,web
U000062,2025-12-13,3,premium,mobile
U000063,2025-06-23,3,premium,mobile
U000064,2025-12-16,3,regular,web
U000065,2025-04-23,3,regular,web
U000066,2025-10-02,2,value,web
U000067,2025-07-23,2,value,web
U000068,2025-09-03,2,value,web
U000069,2025-09-28,1,regular,mobile
U000070,2025-06-02,2,regular,mobile
U000071,2025-04-19,1,premium,web
U000072,2025-09-03,1,premium,web
U000073,2026-01-07,2,value,web
U000074,2025-06-28,2,value,mobile
U000075,2025-09-14,2,value,web
U000076,2025-05-11,3,regular,mobile
U000077,2025-07-14,3,premium,web
U000078,2025-05-12,2,regular,web
U000079,2025-05-07,3,regular,mobile
U000080,2025-11-24,2,value,mobile
U000081,2025-12-23,3,regular,mobile
U000082,2025-12-29,3,premium,mobile
U000083,2025-11-03,1,regular,web
U000084,2025-05-16,2,value,web
U000085,2025-12-30,2,regular,web
U000086,2025-04-08,2,regular,mobile
U000087,2025-06-22,1,premium,web
U000088,2025-06-20,3,value,mobile
U000089,2025-11-07,1,regular,web
U000090,2025-05-14,1,value,web
U000091,2026-01-11,3,value,web
U000092,2025-05-29,1,value,web
U000093,2025-12-11,2,regular,web
U000094,2025-09-21,3,regular,web
U000095,2025-06-16,3,regular,mobile
U000096,2025-08-05,2,regular,mobile
U000097,2025-05-08,1,value,web
U000098,2025-08-07,2,regular,mobile
U000099,2025-10-23,3,regular,web
U000100,2025-06-03,3,value,web
U000101,2026-01-10,1,regular,web
U000102,2025-10-15,2,premium,mobile
U000103,2025-07-21,2,value,mobile
U000104,2025-06-28,2,premium,mobile
U000105,2025-11-16,2,value,web
U000106,2025-07-30,1,value,mobile
U000107,2026-01-04,1,premium,web
U000108,2025-08-17,2,premium,mobile
U000109,2025-10-25,3,value,web
U000110,2025-12-24,3,regular,mobile
U000111,2026-01-06,2,regular,web
U000112,2025-06-15,2,regular,mobile
U000113,2025-08-09,1,regular,mobile
U000114,2025-10-31,2,regular,web
U000115,2025-08-02,3,value,mobile
U000116,2025-07-04,3,regular,web
U000117,2025-10-02,2,regular,web
U000118,2025-12-21,3,regular,web
U000119,2025-08-18,3,regular,web
U000120,2025-07-28,3,regular,mobile
U000121,2025-11-12,2,value,web
U000122,2025-08-30,2,value,web
U000123,2025-07-04,2,value,web
U000124,2025-12-16,2,regular,mobile
U000125,2025-09-29,2,regular,web
U000126,2025-10-17,2,regular,mobile
U000127,2025-11-27,1,premium,web
U000128,2025-05-02,3,value,web
U000129,2025-12-08,2,value,mobile
U000130,2025-05-14,3,regular,web
U000131,2025-04-08,1,regular,web
U000132,2026-01-18,1,premium,web
U000133,2025-06-25,2,regular,web
U000134,2025-04-13,3,value,web
U000135,2025-10-26,2,regular,mobile
U000136,2025-07-01,1,value,web
U000137,2025-08-04,2,regular,web
U000138,2026-01-09,3,value,mobile
U000139,2025-09-17,3,regular,web
U000140,2025-04-09,3,regular,web
U000141,2025-10-19,2,regular,web
U000142,2025-05-21,2,regular,web
U000143,2025-07-07,3,regular,mobile
U000144,2025-06-06,3,regular,web
U000145,2025-12-27,3,value,mobile
U000146,2025-04-30,2,regular,web
U000147,2025-09-09,2,regular,mobile
U000148,2025-08-20,1,regular,mobile
U000149,2025-09-12,3,regular,mobile
U000150,2025-09-24,3,value,mobile
U000151,2025-05-04,2,premium,web
U000152,2025-07-06,3,regular,web
U000153,2025-09-16,2,premium,web
U000154,2025-05-06,2,regular,mobile
U000155,2025-11-26,2,premium,web
U000156,2025-11-26,1,premium,mobile
U000157,2025-09-05,2,regular,web
U000158,2025-11-25,2,premium,mobile
U000159,2025-08-07,2,regular,web
U000160,2025-09-15,2,value,web
U000161,2025-08-18,1,value,web
U000162,2025-05-15,3,regular,web
U000163,2025-05-26,1,regular,mobile
U000164,2025-09-09,2,regular,web
U000165,2025-04-27,2,regular,mobile
U000166,2025-10-05,1,premium,web
U000167,2025-07-07,2,regular,web
U000168,2025-08-07,2,value,mobile
U000169,2025-12-22,2,value,mobile
U000170,2025-12-12,3,premium,mobile
U000171,2025-08-19,3,regular,web
U000172,2025-07-27,1,value,web
U000173,2025-11-27,3,regular,web
U000174,2025-08-31,2,value,web
U000175,2025-11-05,2,regular,web
U000176,2025-05-08,1,premium,web
U000177,2025-10-29,2,value,web
U000178,2025-09-15,2,regular,mobile
U000179,2025-06-05,3,regular,mobile
U000180,2025-11-14,3,premium,web
U000181,2025-09-08,1,premium,mobile
U000182,2025-11-03,3,value,web
U000183,2025-12-02,2,regular,web
U000184,2025-06-18,2,premium,mobile
U000185,2025-11-26,3,value,mobile
U000186,2026-01-18,2,regular,mobile
U000187,2025-09-02,3,value,mobile
U000188,2025-10-31,3,value,mobile
U000189,2025-11-15,3,value,mobile
U000190,2025-08-06,2,value,web
U000191,2025-11-25,2,premium,mobile
U000192,2025-08-03,1,value,mobile
U000193,2025-12-18,3,regular,mobile
U000194,2025-11-17,3,regular,mobile
U000195,2025-09-08,1,regular,web
U000196,2025-05-26,2,premium,web
U000197,2025-12-01,2,regular,mobile
U000198,2025-10-08,1,premium,mobile
U000199,2025-09-18,3,value,mobile
U000200,2025-10-31,2,regular,web
U000201,2026-01-19,2,value,mobile
U000202,2025-09-02,1,premium,mobile
U000203,2025-07-26,3,regular,web
U000204,2025-12-15,2,value,mobile
U000205,2025-10-10,2,premium,web
U000206,2025-08-19,1,regular,web
U000207,2025-05-27,2,regular,
U000208,2025-08-18,2,value,mobile
U000209,2026-01-02,3,premium,mobile
U000210,2025-06-26,2,regular,mobile
U000211,2026-01-09,2,premium,mobile
U000212,2025-12-28,2,value,mobile
U000213,2025-12-07,1,regular,mobile
U000214,2025-07-06,3,value,mobile
U000215,2025-11-22,3,regular,web
U000216,2025-10-24,2,regular,web
U000217,2025-12-22,3,regular,
U000218,2025-08-02,2,premium,mobile
U000219,2025-10-02,2,value,web
U000220,2026-01-02,2,premium,web
U000221,2025-12-26,2,value,mobile
U000222,2026-01-05,2,value,web
U000223,2025-05-04,1,value,mobile
U000224,2025-04-13,2,value,web
U000225,2025-05-02,2,regular,web
U000226,2026-01-19,1,regular,web
U000227,2025-08-04,2,regular,web
U000228,2025-09-28,2,regular,web
U000229,2025-08-04,2,premium,web
U000230,2025-04-26,3,regular,web
U000231,2025-12-26,2,regular,mobile
U000232,2025-08-27,2,premium,web
U000233,2025-07-02,2,value,mobile
U000234,2025-04-19,2,premium,mobile
U000235,2025-05-08,2,value,web
U000236,2025-09-11,3,value,web
U000237,2025-11-14,3,regular,mobile
U000238,2025-05-28,1,value,web
U000239,2025-09-06,1,value,mobile
U000240,2025-07-21,3,regular,web
U000241,2025-10-12,3,value,web
U000242,2025-07-02,2,regular,web
U000243,2025-12-18,3,value,web
U000244,2025-09-27,2,value,web
U000245,2025-05-26,3,regular,mobile
U000246,2025-11-30,1,regular,mobile
U000247,2025-10-09,2,value,web
U000248,2026-01-02,2,regular,web
U000249,2025-12-29,1,regular,web
U000250,2025-07-09,2,value,mobile
U000251,2025-10-23,2,premium,web
U000252,2025-09-17,2,regular,web
U000253,2025-08-09,3,value,web
U000254,2025-04-06,2,value,mobile
U000255,2025-11-27,3,value,mobile
U000256,2025-07-22,2,value,web
U000257,2025-04-24,3,value,mobile
U000258,2026-01-09,1,value,web
U000259,2025-07-30,1,value,web
U000260,2025-05-09,2,regular,mobile
U000261,2025-08-10,3,value,web
U000262,2025-12-14,2,value,mobile
U000263,2025-11-09,3,value,mobile
U000264,2025-10-11,1,value,web
U000265,2025-06-30,3,value,mobile
U000266,2025-06-29,3,regular,mobile
U000267,2025-06-20,2,premium,web
U000268,2025-11-17,2,regular,web
U000269,2025-11-25,2,regular,web
U000270,2025-06-28,1,regular,web
U000271,2025-07-01,2,regular,web
U000272,2025-12-21,2,regular,web
U000273,2026-01-13,2,regular,web
U000274,2025-04-29,2,value,web
U000275,2025-06-18,1,regular,web
U000276,2025-05-09,1,regular,mobile
U000277,2025-07-18,3,regular,mobile
U000278,2025-11-09,1,regular,mobile
U000279,2025-09-22,1,value,mobile
U000280,2025-08-13,1,regular,mobile
U000281,2025-06-04,2,value,mobile
U000282,2025-05-17,2,regular,web
U000283,2025-11-12,3,regular,web
U000284,2025-09-01,3,regular,mobile
U000285,2025-04-10,3,value,mobile
U000286,2025-06-30,3,regular,web
U000287,2025-10-19,2,value,web
U000288,2025-09-11,1,value,mobile
U000289,2025-11-03,3,value,mobile
U000290,2025-11-07,1,regular,web
U000291,2025-05-07,2,value,
U000292,2025-12-10,2,regular,web
U000293,2025-09-25,3,value,web
U000294,2025-04-22,1,value,web
U000295,2026-01-08,2,value,mobile
U000296,2025-09-24,1,value,web
U000297,2025-06-13,3,premium,mobile
U000298,2026-01-16,2,premium,web
U000299,2025-04-14,2,premium,web
U000300,2025-08-16,2,value,web
U000301,2025-04-16,1,regular,web
U000302,2025-11-14,3,value,web
U000303,2025-11-16,3,value,web
U000304,2025-05-03,2,regular,mobile
U000305,2025-06-28,3,value,web
U000306,2025-12-15,2,value,web
U000307,2025-06-20,1,premium,mobile
U000308,2025-09-21,2,value,mobile
U000309,2025-09-10,2,regular,web
U000310,2025-12-19,2,regular,web
U000311,2025-11-07,2,value,web
U000312,2025-11-20,2,regular,web
U000313,2025-05-01,3,value,web
U000314,2025-12-13,3,value,web
U000315,2025-08-14,2,value,mobile
U000316,2025-04-21,3,regular,mobile
U000317,2025-05-02,3,value,web
U000318,2025-10-30,3,value,mobile
U000319,2025-12-19,2,premium,web
U000320,2025-06-01,3,regular,mobile
U000321,2025-06-29,2,regular,web
U000322,2025-06-21,1,value,mobile
U000323,2025-12-20,2,regular,web
U000324,2025-07-08,2,regular,web
U000325,2025-10-11,2,regular,mobile
U000326,2025-09-24,2,value,web
U000327,2025-08-02,2,value,web
U000328,2025-10-04,1,regular,web
U000329,2025-06-03,1,value,mobile
U000330,2026-01-01,1,premium,web
U000331,2025-12-27,2,regular,mobile
U000332,2025-04-08,2,regular,mobile
U000333,2025-08-23,2,premium,mobile
U000334,2025-05-31,3,regular,web
U000335,2025-08-13,2,value,mobile
U000336,2025-07-19,3,value,web
U000337,2025-12-15,3,premium,web
U000338,2025-11-29,3,value,mobile
U000339,2025-06-27,1,value,web
U000340,2025-09-12,2,regular,web
U000341,2025-07-28,3,premium,web
U000342,2025-08-31,2,regular,mobile
U000343,2025-12-24,3,regular,mobile
U000344,2025-11-12,1,regular,web
U000345,2025-04-20,1,value,web
U000346,2025-10-12,3,value,web
U000347,2025-11-15,2,regular,web
U000348,2025-06-28,2,value,mobile
U000349,2025-11-06,3,regular,mobile
U000350,2025-04-30,1,value,mobile
U000351,2025-05-02,3,value,web
U000352,2025-08-17,2,premium,web
U000353,2025-08-03,1,value,mobile
U000354,2025-12-17,1,regular,mobile
U000355,2025-12-01,2,value,web
U000356,2025-09-26,2,premium,web
U000357,2025-09-10,3,value,mobile
U000358,2025-04-20,1,regular,web
U000359,2025-05-30,1,regular,mobile
U000360,2025-08-11,1,value,web
U000361,2025-08-06,2,value,mobile
U000362,2025-07-25,3,value,web
U000363,2025-08-28,2,value,web
U000364,2025-09-21,2,regular,web
U000365,2025-07-27,2,regular,mobile
U000366,2025-09-22,1,premium,mobile
U000367,2025-05-06,1,regular,web
U000368,2026-01-06,3,regular,mobile
U000369,2025-09-02,2,value,mobile
U000370,2025-07-12,3,value,mobile
U000371,2025-08-12,2,premium,web
U000372,2025-08-01,1,premium,web
U000373,2025-06-27,1,regular,web
U000374,2025-09-30,1,regular,web
U000375,2025-12-19,2,regular,web
U000376,2025-12-18,2,value,web
U000377,2025-05-23,2,value,mobile
U000378,2025-10-27,2,regular,web
U000379,2025-11-10,2,premium,web
U000380,2025-08-20,1,premium,web
U000381,2025-10-22,2,value,web
U000382,2025-11-28,3,value,mobile
U000383,2025-05-05,1,value,web
U000384,2025-08-24,2,value,web
U000385,2025-04-14,2,premium,web
U000386,2026-01-10,2,value,mobile
U000387,2025-09-05,2,regular,web
U000388,2025-06-26,2,value,web
U000389,2025-04-23,2,premium,mobile
U000390,2025-05-12,3,regular,mobile
U000391,2025-06-25,2,regular,mobile
U000392,2025-12-02,1,regular,mobile
U000393,2026-01-15,1,regular,web
U000394,2025-06-30,3,value,mobile
U000395,2025-07-12,2,value,mobile
U000396,2025-12-07,1,value,web
U000397,2025-05-04,2,premium,mobile
U000398,2025-09-29,3,premium,mobile
U000399,2025-09-26,2,regular,mobile
U000400,2025-08-31,1,regular,mobile
U000401,2025-12-04,2,value,mobile
U000402,2025-04-30,2,premium,mobile
U000403,2025-06-26,1,regular,mobile
U000404,2025-11-19,3,regular,web
U000405,2025-07-01,2,regular,web
U000406,2025-04-24,1,value,web
U000407,2025-08-16,3,regular,web
U000408,2026-01-10,3,regular,web
U000409,2025-11-20,3,regular,mobile
U000410,2025-12-16,2,value,mobile
U000411,2025-06-26,1,regular,mobile
U000412,2025-07-02,2,premium,web
U000413,2025-05-19,2,regular,
U000414,2025-05-12,3,value,web
U000415,2025-06-25,3,premium,mobile
U000416,2025-12-18,3,value,web
U000417,2025-10-18,2,value,web
U000418,2025-08-22,2,premium,web
U000419,2025-08-20,1,regular,web
U000420,2025-05-11,2,value,mobile
U000421,2025-08-25,1,regular,web
U000422,2025-08-28,1,regular,mobile
U000423,2025-11-13,1,value,mobile
U000424,2025-06-15,2,value,web
U000425,2025-12-12,2,regular,web
U000426,2025-08-01,2,regular,mobile
U000427,2025-04-22,1,value,web
U000428,2025-10-08,1,regular,mobile
U000429,2025-09-28,2,regular,mobile
U000430,2025-12-27,2,value,web
U000431,2025-09-12,2,value,web
U000432,2025-11-24,2,regular,mobile
U000433,2025-06-13,2,premium,web
U000434,2025-05-21,2,regular,mobile
U000435,2025-10-09,2,value,mobile
U000436,2025-08-21,1,regular,mobile
U000437,2025-11-21,1,regular,mobile
U000438,2025-08-26,2,value,mobile
U000439,2025-11-22,1,value,mobile
U000440,2026-01-17,2,value,web
U000441,2026-01-11,2,regular,web
U000442,2025-04-30,2,value,mobile
U000443,2026-01-12,3,value,web
U000444,2025-08-31,2,premium,web
U000445,2025-07-22,2,regular,web
U000446,2025-12-27,2,regular,web
U000447,2025-05-24,3,premium,web
U000448,2025-07-30,2,regular,mobile
U000449,2025-12-03,2,premium,mobile
U000450,2025-06-20,3,regular,mobile
U000451,2026-01-02,2,regular,mobile
U000452,2025-09-13,3,regular,web
U000453,2025-09-01,2,regular,web
U000454,2025-07-07,3,regular,mobile
U000455,2025-05-11,2,premium,web
U000456,2025-12-30,2,value,mobile
U000457,2025-04-06,3,value,web
U000458,2025-04-29,1,value,mobile
U000459,2025-04-26,2,premium,mobile
U000460,2025-06-04,2,premium,mobile
U000461,2025-11-04,1,regular,web
U000462,2025-04-29,3,regular,web
U000463,2025-05-18,2,value,mobile
U000464,2025-10-29,3,premium,mobile
U000465,2025-04-14,2,regular,web
U000466,2025-06-29,2,premium,mobile
U000467,2025-12-02,3,regular,web
U000468,2025-12-22,2,regular,web
U000469,2025-08-27,3,regular,mobile
U000470,2025-12-21,2,premium,mobile
U000471,2025-12-19,2,regular,web
U000472,2026-01-02,2,value,web
U000473,2025-06-15,1,regular,mobile
U000474,2025-06-18,2,premium,mobile
U000475,2025-10-13,1,regular,web
U000476,2025-04-05,3,regular,mobile
U000477,2025-06-21,3,regular,mobile
U000478,2025-07-26,1,regular,web
U000479,2025-12-19,1,value,mobile
U000480,2026-01-10,1,value,web
U000481,2025-07-13,3,value,web
U000482,2025-11-13,1,regular,web
U000483,2025-09-10,2,value,mobile
U000484,2025-04-22,2,premium,mobile
U000485,2025-07-29,1,premium,web
U000486,2025-10-26,1,value,web
U000487,2025-10-27,2,regular,mobile
U000488,2025-12-27,1,regular,web
U000489,2025-10-04,3,regular,web
U000490,2026-01-11,2,value,mobile
U000491,2025-08-14,1,regular,web
U000492,2025-10-30,1,value,mobile
U000493,2025-10-02,2,regular,mobile
U000494,2025-12-12,2,value,mobile
U000495,2025-12-31,2,value,web
U000496,2025-12-05,2,value,web
U000497,2026-01-08,2,regular,web
U000498,2025-07-18,3,regular,web
U000499,2026-01-18,2,regular,web
U000500,2025-05-03,3,regular,mobile
U000501,2025-07-20,2,regular,web
U000502,2025-11-02,2,premium,mobile
U000503,2025-10-02,2,regular,web
U000504,2025-05-14,2,value,web
U000505,2025-10-20,2,regular,web
U000506,2025-07-25,2,regular,mobile
U000507,2025-11-22,1,value,web
U000508,2026-01-19,2,value,web
U000509,2025-06-02,3,value,mobile
U000510,2025-09-14,2,regular,web
U000511,2025-04-13,3,value,mobile
U000512,2025-09-03,3,regular,mobile
U000513,2025-12-06,2,regular,web
U000514,2026-01-05,1,value,web
U000515,2025-11-21,3,value,mobile
U000516,2025-06-26,2,premium,web
U000517,2025-07-23,2,regular,mobile
U000518,2026-01-20,3,value,mobile
U000519,2025-11-21,2,regular,mobile
U000520,2025-12-26,1,regular,mobile
U000521,2025-06-15,1,value,web
U000522,2025-07-19,1,regular,mobile
U000523,2025-12-01,2,value,web
U000524,2025-07-09,3,regular,mobile
U000525,2025-11-10,1,regular,web
U000526,2025-05-11,1,value,web
U000527,2025-04-23,2,value,mobile
U000528,2025-12-27,2,value,web
U000529,2025-07-02,2,regular,mobile
U000530,2025-05-29,3,value,mobile
U000531,2025-06-18,3,regular,mobile
U000532,2025-04-07,3,regular,mobile
U000533,2025-11-12,3,regular,mobile
U000534,2025-12-20,1,regular,mobile
U000535,2025-04-09,1,value,mobile
U000536,2025-09-26,2,regular,web
U000537,2025-07-20,3,value,web
U000538,2025-10-17,1,regular,web
U000539,2025-10-25,2,value,web
U000540,2025-11-04,2,value,web
U000541,2025-04-18,2,premium,web
U000542,2025-04-17,2,premium,web
U000543,2026-01-05,2,value,web
U000544,2025-05-01,1,regular,web
U000545,2025-08-30,1,value,web
U000546,2025-08-28,2,value,mobile
U000547,2025-07-24,2,premium,web
U000548,2025-04-19,2,premium,web
U000549,2025-05-23,2,regular,web
U000550,2025-08-29,3,regular,mobile
U000551,2025-05-06,2,regular,web
U000552,2025-11-05,3,regular,web
U000553,2025-12-11,2,value,mobile
U000554,2025-10-13,2,value,web
U000555,2025-12-02,3,value,mobile
U000556,2025-10-01,2,regular,web
U000557,2025-10-23,2,regular,web
U000558,2025-04-18,2,premium,mobile
U000559,2025-09-10,1,value,web
U000560,2025-06-12,2,regular,mobile
U000561,2025-05-28,1,premium,web
U000562,2025-12-22,1,regular,mobile
U000563,2025-12-01,2,value,mobile
U000564,2025-05-10,3,value,mobile
U000565,2026-01-17,3,value,web
U000566,2025-09-07,2,value,mobile
U000567,2025-10-02,1,regular,web
U000568,2025-04-19,2,value,web
U000569,2025-12-18,2,regular,web
U000570,2026-01-03,2,value,web
U000571,2025-11-14,3,regular,mobile
U000572,2025-05-24,2,value,mobile
U000573,2025-09-05,2,regular,web
U000574,2025-08-02,2,regular,mobile
U000575,2025-07-28,2,value,mobile
U000576,2025-09-11,2,regular,web
U000577,2025-10-30,3,value,web
U000578,2025-10-31,3,regular,mobile
U000579,2025-06-14,3,regular,web
U000580,2026-01-02,3,value,mobile
U000581,2025-08-10,1,regular,web
U000582,2025-11-05,2,regular,web
U000583,2025-12-13,3,premium,web
U000584,2025-07-15,2,regular,mobile
U000585,2025-12-10,2,regular,web
U000586,2025-04-26,1,premium,mobile
U000587,2025-06-30,1,value,mobile
U000588,2025-10-27,2,premium,web
U000589,2025-11-10,1,value,mobile
U000590,2026-01-13,2,premium,web
U000591,2025-08-05,1,regular,web
U000592,2025-04-09,3,regular,web
U000593,2025-08-12,2,regular,mobile
U000594,2025-11-16,2,premium,mobile
U000595,2025-05-08,3,value,mobile
U000596,2025-05-26,2,regular,mobile
U000597,2025-08-03,1,value,web
U000598,2025-08-16,1,regular,mobile
U000599,2025-08-10,2,value,web
U000600,2025-09-04,1,regular,mobile
U000601,2025-09-30,1,value,web
U000602,2025-09-30,2,regular,web
U000603,2025-08-02,2,premium,web
U000604,2026-01-17,2,value,web
U000605,2025-08-25,2,premium,web
U000606,2025-10-22,2,regular,web
U000607,2025-10-15,1,value,web
U000608,2025-07-28,2,premium,mobile
U000609,2025-10-08,2,value,web
U000610,2025-10-30,3,regular,mobile
U000611,2025-08-23,1,premium,web
U000612,2025-08-18,2,premium,web
U000613,2025-09-25,1,regular,web
U000614,2025-08-03,2,value,mobile
U000615,2025-11-11,3,regular,mobile
U000616,2025-07-20,1,value,mobile
U000617,2025-05-02,3,value,web
U000618,2025-08-26,2,value,mobile
U000619,2025-12-23,1,value,web
U000620,2025-06-25,3,value,mobile
U000621,2025-07-04,2,regular,web
U000622,2025-06-14,3,value,mobile
U000623,2025-12-31,1,regular,mobile
U000624,2025-05-18,2,value,mobile
U000625,2025-08-11,2,regular,web
U000626,2025-08-11,3,regular,web
U000627,2025-09-16,3,regular,web
U000628,2025-06-29,2,regular,web
U000629,2025-11-13,1,regular,mobile
U000630,2025-12-04,2,premium,web
U000631,2025-08-09,2,regular,web
U000632,2025-12-07,3,premium,web
U000633,2025-05-10,2,premium,web
U000634,2025-07-14,2,regular,web
U000635,2025-12-18,2,value,web
U000636,2025-10-02,3,regular,mobile
U000637,2025-05-24,1,value,mobile
U000638,2025-12-23,3,regular,mobile
U000639,2025-12-16,2,regular,web
U000640,2025-07-18,2,regular,mobile
U000641,2025-05-29,2,value,mobile
U000642,2025-09-13,2,value,mobile
U000643,2025-09-22,1,regular,mobile
U000644,2025-08-12,2,regular,mobile
U000645,2025-10-29,1,value,mobile
U000646,2025-10-11,1,value,web
U000647,2025-11-19,2,value,mobile
U000648,2026-01-09,3,value,mobile
U000649,2025-11-10,1,value,mobile
U000650,2025-05-15,2,value,web
U000651,2025-04-07,3,value,web
U000652,2026-01-10,3,value,web
U000653,2025-11-25,3,value,mobile
U000654,2025-10-15,2,value,web
U000655,2025-06-17,2,value,mobile
U000656,2025-11-22,2,regular,web
U000657,2025-05-06,2,regular,mobile
U000658,2025-10-06,2,regular,web
U000659,2025-07-23,2,regular,web
U000660,2025-12-14,1,value,web
U000661,2025-10-20,1,value,web
U000662,2025-07-08,2,value,web
U000663,2025-11-21,3,premium,web
U000664,2025-10-28,2,regular,web
U000665,2025-06-17,1,regular,mobile
U000666,2025-06-20,3,regular,web
U000667,2025-07-26,1,regular,mobile
U000668,2025-08-31,3,regular,mobile
U000669,2025-06-24,2,value,web
U000670,2025-10-20,2,regular,mobile
U000671,2025-09-04,2,regular,web
U000672,2025-06-02,3,value,web
U000673,2025-10-26,1,value,web
U000674,2025-04-22,1,value,web
U000675,2025-12-31,2,regular,web
U000676,2025-11-21,2,premium,mobile
U000677,2025-05-01,2,regular,mobile
U000678,2025-11-26,2,value,web
U000679,2025-07-10,1,value,mobile
U000680,2025-10-15,3,value,mobile
U000681,2025-06-12,2,value,mobile
U000682,2025-07-07,1,value,mobile
U000683,2025-04-09,2,regular,web
U000684,2025-10-13,2,value,web
U000685,2025-09-23,2,regular,mobile
U000686,2025-04-29,2,value,mobile
U000687,2025-06-24,3,premium,web
U000688,2025-10-14,1,regular,web
U000689,2025-11-23,3,value,web
U000690,2025-09-19,2,regular,mobile
U000691,2025-05-22,1,value,web
U000692,2025-10-01,2,regular,mobile
U000693,2025-06-09,2,value,web
U000694,2025-08-13,3,regular,mobile
U000695,2025-08-22,2,value,mobile
U000696,2025-06-09,1,value,mobile
U000697,2025-11-27,2,value,web
U000698,2025-11-02,2,premium,web
U000699,2025-05-06,3,value,web
U000700,2025-08-18,1,value,web
U000701,2025-05-08,3,regular,web
U000702,2025-11-07,3,value,web
U000703,2025-07-26,1,value,mobile
U000704,2025-07-19,2,regular,mobile
U000705,2025-06-15,1,regular,web
U000706,2025-04-30,2,regular,web
U000707,2025-05-14,1,value,web
U000708,2025-09-09,3,regular,web
U000709,2025-11-02,1,regular,mobile
U000710,2025-10-03,2,value,mobile
U000711,2025-06-09,2,value,mobile
U000712,2025-12-29,2,regular,mobile
U000713,2025-10-11,1,regular,mobile
U000714,2025-12-19,3,regular,mobile
U000715,2025-04-06,1,value,web
U000716,2025-04-21,2,regular,mobile
U000717,2025-04-22,2,value,web
U000718,2025-11-15,2,value,mobile
U000719,2025-07-20,2,premium,web
U000720,2025-06-20,1,value,mobile
U000721,2025-09-25,2,regular,web
U000722,2025-10-24,2,premium,mobile
U000723,2025-08-13,2,premium,web
U000724,2025-07-24,2,value,mobile
U000725,2025-07-26,2,value,web
U000726,2025-07-07,1,value,mobile
U000727,2025-07-24,2,value,mobile
U000728,2025-08-25,2,premium,mobile
U000729,2025-07-08,2,regular,mobile
U000730,2025-09-06,3,value,web
U000731,2025-10-10,1,value,mobile
U000732,2025-10-24,3,regular,web
U000733,2025-04-07,2,regular,mobile
U000734,2025-10-07,3,value,mobile
U000735,2025-07-06,3,regular,web
U000736,2025-10-19,1,value,web
U000737,2026-01-09,3,value,mobile
U000738,2025-07-25,2,value,web
U000739,2025-05-07,2,premium,mobile
U000740,2025-10-19,3,regular,web
U000741,2025-07-10,2,regular,mobile
U000742,2025-07-14,2,value,mobile
U000743,2025-10-01,1,value,web
U000744,2025-09-28,2,regular,web
U000745,2025-04-12,1,regular,mobile
U000746,2025-08-16,2,premium,mobile
U000747,2025-07-24,2,value,web
U000748,2025-09-15,3,value,web
U000749,2025-10-04,2,regular,mobile
U000750,2025-04-10,2,value,mobile
U000751,2025-04-22,1,regular,mobile
U000752,2025-08-28,2,value,mobile
U000753,2025-12-05,3,value,web
U000754,2025-06-08,1,regular,mobile
U000755,2025-05-08,3,regular,web
U000756,2025-07-26,2,value,web
U000757,2025-06-21,2,value,web
U000758,2025-04-26,2,regular,mobile
U000759,2025-12-30,2,value,mobile
U000760,2025-10-13,2,premium,
U000761,2025-11-21,2,value,web
U000762,2025-12-21,2,value,mobile
U000763,2025-10-06,2,regular,mobile
U000764,2025-07-17,1,premium,web
U000765,2025-04-05,2,regular,mobile
U000766,2025-05-05,1,regular,mobile
U000767,2025-07-05,2,regular,mobile
U000768,2025-10-02,2,value,web
U000769,2025-10-13,3,value,mobile
U000770,2025-05-11,1,premium,web
U000771,2025-06-19,2,premium,mobile
U000772,2025-12-20,3,value,mobile
U000773,2025-06-29,2,premium,mobile
U000774,2025-05-10,3,value,mobile
U000775,2025-06-15,2,regular,web
U000776,2025-07-19,1,value,web
U000777,2025-08-27,2,regular,mobile
U000778,2025-08-26,3,regular,web
U000779,2025-05-05,2,regular,mobile
U000780,2025-05-09,2,premium,mobile
U000781,2025-06-03,3,value,web
U000782,2025-07-06,2,value,mobile
U000783,2026-01-11,2,value,web
U000784,2025-06-24,3,regular,mobile
U000785,2025-07-16,2,value,mobile
U000786,2025-10-29,1,value,web
U000787,2025-07-12,2,value,mobile
U000788,2026-01-17,2,premium,web
U000789,2025-08-24,3,regular,web
U000790,2025-07-19,2,value,mobile
U000791,2025-11-15,2,regular,mobile
U000792,2025-11-21,3,value,web
U000793,2025-10-14,2,regular,mobile
U000794,2025-05-15,1,premium,web
U000795,2025-06-29,2,regular,mobile
U000796,2025-09-20,2,regular,web
U000797,2025-07-21,1,premium,mobile
U000798,2025-08-08,2,regular,web
U000799,2025-06-26,2,regular,web
U000800,2025-06-27,3,premium,web
U000801,2025-08-23,1,premium,web
U000802,2025-11-30,3,regular,mobile
U000803,2025-07-20,3,value,mobile
U000804,2025-11-08,2,regular,mobile
U000805,2026-01-15,2,value,web
U000806,2025-05-13,2,value,web
U000807,2025-12-30,2,regular,mobile
U000808,2025-06-29,1,regular,web
U000809,2025-05-03,3,premium,mobile
U000810,2025-11-29,1,regular,web
U000811,2025-04-07,2,regular,mobile
U000812,2026-01-18,2,regular,mobile
U000813,2025-06-04,3,regular,mobile
U000814,2025-09-29,2,regular,web
U000815,2025-06-16,2,regular,mobile
U000816,2025-12-14,3,value,web
U000817,2025-10-27,2,regular,web
U000818,2026-01-16,2,value,web
U000819,2025-11-20,1,premium,mobile
U000820,2025-11-06,3,premium,mobile
U000821,2026-01-04,3,regular,mobile
U000822,2025-10-09,3,regular,web
U000823,2025-06-05,2,regular,web
U000824,2025-06-08,1,regular,web
U000825,2025-10-12,2,regular,mobile
U000826,2025-07-21,3,value,mobile
U000827,2025-11-11,2,regular,web
U000828,2025-10-03,1,premium,web
U000829,2025-04-16,1,regular,web
U000830,2025-12-30,3,premium,mobile
U000831,2026-01-13,1,value,web
U000832,2025-07-01,1,premium,mobile
U000833,2025-06-26,1,premium,web
U000834,2025-07-29,3,regular,web
U000835,2025-11-27,2,premium,web
U000836,2025-04-11,2,regular,mobile
U000837,2025-05-27,2,regular,web
U000838,2025-10-24,2,regular,web
U000839,2025-08-04,2,value,mobile
U000840,2025-08-12,2,value,mobile
U000841,2026-01-02,2,regular,web
U000842,2025-11-23,2,value,web
U000843,2025-05-07,1,regular,web
U000844,2025-06-11,2,value,web
U000845,2025-06-19,2,regular,mobile
U000846,2025-10-13,2,premium,web
U000847,2025-08-07,3,regular,mobile
U000848,2025-10-17,2,value,mobile
U000849,2025-06-09,1,regular,mobile
U000850,2025-08-18,2,regular,web
U000851,2025-07-20,2,premium,web
U000852,2025-05-29,1,value,web
U000853,2025-06-03,2,value,mobile
U000854,2025-07-31,2,premium,mobile
U000855,2025-10-19,2,regular,mobile
U000856,2025-11-07,3,premium,web
U000857,2025-11-16,3,regular,mobile
U000858,2025-05-30,2,regular,web
U000859,2025-09-20,3,premium,mobile
U000860,2025-05-01,1,regular,web
U000861,2025-05-13,1,value,mobile
U000862,2025-08-17,3,value,mobile
U000863,2025-10-25,2,value,web
U000864,2025-06-12,1,value,web
U000865,2025-05-24,2,value,web
U000866,2025-11-23,2,regular,web
U000867,2025-09-26,2,regular,mobile
U000868,2025-11-28,1,premium,mobile
U000869,2025-04-30,1,regular,mobile
U000870,2026-01-05,2,value,web
U000871,2025-11-25,1,premium,mobile
U000872,2025-12-05,1,premium,mobile
U000873,2025-05-04,2,premium,web
U000874,2025-10-10,2,value,mobile
U000875,2025-09-09,1,regular,mobile
U000876,2025-05-29,3,regular,mobile
U000877,2025-12-27,2,regular,mobile
U000878,2025-11-30,3,value,web
U000879,2025-12-02,2,premium,web
U000880,2025-11-02,2,regular,web
U000881,2025-05-26,2,value,mobile
U000882,2025-11-08,2,value,web
U000883,2025-08-17,1,regular,web
U000884,2025-10-24,2,value,web
U000885,2025-09-25,3,regular,web
U000886,2025-12-02,1,value,web
U000887,2025-09-02,2,regular,web
U000888,2025-06-30,2,value,web
U000889,2025-10-14,2,value,web
U000890,2025-10-17,2,premium,mobile
U000891,2025-06-28,3,value,web
U000892,2025-09-02,1,regular,mobile
U000893,2025-10-15,1,premium,mobile
U000894,2025-07-12,3,value,web
U000895,2025-05-24,2,value,web
U000896,2025-07-09,2,regular,web
U000897,2025-12-03,3,value,web
U000898,2025-05-20,2,premium,mobile
U000899,2025-07-28,3,value,web
U000900,2025-08-26,3,regular,web
U000901,2025-11-22,3,value,mobile
U000902,2025-07-21,1,value,web
U000903,2026-01-19,1,value,mobile
U000904,2025-08-05,3,premium,web
U000905,2025-08-17,3,regular,web
U000906,2025-12-08,1,regular,mobile
U000907,2025-08-14,1,value,web
U000908,2025-10-20,1,value,mobile
U000909,2025-07-16,1,premium,mobile
U000910,2025-10-19,2,regular,mobile
U000911,2025-09-25,2,regular,mobile
U000912,2026-01-16,2,regular,
U000913,2025-07-29,1,value,
U000914,2025-06-07,1,premium,web
U000915,2025-05-15,1,value,web
U000916,2025-08-30,2,value,web
U000917,2025-08-28,1,regular,mobile
U000918,2025-05-01,3,value,mobile
U000919,2025-04-08,2,regular,mobile
U000920,2025-07-28,1,regular,mobile
U000921,2025-04-15,2,regular,mobile
U000922,2026-01-06,3,regular,mobile
U000923,2025-11-20,3,regular,web
U000924,2025-04-30,2,value,web
U000925,2025-11-17,2,value,web
U000926,2025-11-11,2,value,mobile
U000927,2025-11-02,2,value,web
U000928,2025-12-12,3,value,web
U000929,2025-10-27,3,value,web
U000930,2025-08-31,2,regular,web
U000931,2025-11-02,3,regular,mobile
U000932,2025-11-23,2,value,web
U000933,2025-09-21,2,regular,mobile
U000934,2025-08-11,2,regular,mobile
U000935,2025-09-18,1,regular,mobile
U000936,2025-07-16,1,regular,mobile
U000937,2025-07-31,3,value,web
U000938,2025-08-30,3,regular,web
U000939,2025-11-08,3,regular,web
U000940,2025-05-31,3,value,web
U000941,2025-08-08,3,regular,mobile
U000942,2025-07-03,2,regular,web
U000943,2025-05-20,3,regular,mobile
U000944,2025-07-02,1,regular,web
U000945,2025-07-01,2,regular,web
U000946,2026-01-17,1,regular,web
U000947,2025-07-26,3,regular,mobile
U000948,2025-07-11,3,value,web
U000949,2025-07-29,1,value,web
U000950,2025-06-10,3,premium,web
U000951,2025-12-26,3,regular,web
U000952,2026-01-03,1,regular,mobile
U000953,2025-07-28,2,value,mobile
U000954,2025-05-15,2,regular,web
U000955,2025-04-10,2,regular,mobile
U000956,2026-01-11,3,regular,mobile
U000957,2025-12-02,2,premium,web
U000958,2025-12-09,1,regular,web
U000959,2025-09-22,2,value,mobile
U000960,2025-10-10,2,value,web
U000961,2025-11-14,1,value,mobile
U000962,2025-08-07,1,regular,web
U000963,2025-12-01,2,premium,mobile
U000964,2025-06-01,1,regular,web
U000965,2025-08-12,1,regular,web
U000966,2025-05-05,2,regular,mobile
U000967,2025-11-16,3,value,web
U000968,2025-05-05,2,value,web
U000969,2025-08-29,2,regular,mobile
U000970,2025-07-15,3,value,mobile
U000971,2026-01-19,2,value,mobile
U000972,2025-08-01,2,regular,mobile
U000973,2025-05-16,1,regular,mobile
U000974,2025-12-29,3,value,web
U000975,2025-09-12,1,value,mobile
U000976,2025-09-08,1,regular,mobile
U000977,2025-10-06,2,regular,mobile
U000978,2026-01-18,2,value,mobile
U000979,2025-04-12,3,regular,mobile
U000980,2025-10-31,2,regular,web
U000981,2025-08-15,3,premium,web
U000982,2025-05-17,2,value,
U000983,2025-12-24,3,regular,web
U000984,2025-09-13,2,regular,web
U000985,2025-12-26,1,value,web
U000986,2025-05-21,1,regular,web
U000987,2025-10-18,2,value,web
U000988,2025-04-16,2,value,mobile
U000989,2026-01-16,2,value,mobile
U000990,2026-01-04,2,regular,mobile
U000991,2025-12-18,1,regular,web
U000992,2025-07-12,2,value,web
U000993,2025-10-24,2,value,web
U000994,2025-05-30,3,regular,web
U000995,2025-12-05,1,regular,web
U000996,2025-05-04,3,value,web
U000997,2025-11-04,3,premium,web
U000998,2025-10-11,2,regular,mobile
U000999,2025-06-29,3,regular,web
U001000,2025-08-17,2,regular,mobile
U001001,2025-08-21,2,value,web
U001002,2025-04-08,3,regular,web
U001003,2025-04-20,3,regular,web
U001004,2025-10-30,1,regular,mobile
U001005,2025-10-21,3,premium,web
U001006,2025-06-18,1,value,mobile
U001007,2025-08-12,1,regular,mobile
U001008,2025-11-18,2,value,web
U001009,2025-10-19,2,value,web
U001010,2025-08-25,2,value,web
U001011,2025-12-12,2,value,web
U001012,2025-09-07,2,value,mobile
U001013,2025-04-06,3,regular,web
U001014,2025-08-16,3,regular,mobile
U001015,2025-06-14,2,regular,web
U001016,2025-10-18,2,regular,mobile
U001017,2025-05-05,2,regular,web
U001018,2026-01-18,1,regular,mobile
U001019,2025-09-28,2,regular,web
U001020,2025-11-23,2,value,mobile
U001021,2025-08-16,1,regular,web
U001022,2025-04-25,3,regular,web
U001023,2025-08-09,2,premium,web
U001024,2025-08-26,2,regular,web
U001025,2025-08-04,1,value,web
U001026,2025-06-12,2,regular,mobile
U001027,2025-06-04,2,value,mobile
U001028,2025-05-04,3,regular,
U001029,2025-08-27,2,regular,mobile
U001030,2025-05-31,2,regular,web
U001031,2025-10-04,3,value,web
U001032,2025-06-16,2,regular,mobile
U001033,2025-08-09,1,value,web
U001034,2026-01-09,2,regular,mobile
U001035,2025-09-04,2,regular,mobile
U001036,2025-11-07,3,regular,web
U001037,2025-10-20,2,value,mobile
U001038,2025-12-09,2,regular,mobile
U001039,2025-04-21,3,value,mobile
U001040,2025-10-25,2,premium,mobile
U001041,2025-06-13,3,premium,web
U001042,2025-07-05,1,value,mobile
U001043,2025-12-24,2,regular,web
U001044,2025-07-27,1,regular,mobile
U001045,2025-09-01,3,value,mobile
U001046,2025-08-11,2,value,web
U001047,2025-05-06,1,value,web
U001048,2025-06-29,1,regular,web
U001049,2025-05-18,2,value,mobile
U001050,2025-08-05,1,regular,web
U001051,2025-04-05,2,regular,web
U001052,2025-11-15,2,value,mobile
U001053,2025-09-07,2,regular,web
U001054,2025-04-27,1,regular,mobile
U001055,2026-01-18,2,regular,web
U001056,2025-06-24,1,regular,web
U001057,2025-07-15,3,value,web
U001058,2025-08-22,1,premium,web
U001059,2025-09-07,2,regular,web
U001060,2025-10-18,2,regular,web
U001061,2025-09-06,2,value,web
U001062,2025-10-09,3,regular,mobile
U001063,2025-07-04,1,premium,mobile
U001064,2025-11-01,3,premium,mobile
U001065,2025-12-09,3,value,mobile
U001066,2025-05-05,2,value,mobile
U001067,2025-05-09,2,regular,mobile
U001068,2025-05-27,2,regular,web
U001069,2025-07-10,1,value,mobile
U001070,2025-07-03,2,value,web
U001071,2025-11-17,3,regular,web
U001072,2025-06-25,1,regular,mobile
U001073,2025-12-19,1,regular,web
U001074,2025-11-10,2,regular,mobile
U001075,2026-01-03,2,regular,mobile
U001076,2026-01-19,2,value,web
U001077,2025-04-25,3,value,mobile
U001078,2025-10-20,3,value,mobile
U001079,2025-12-13,3,value,web
U001080,2025-04-14,2,regular,web
U001081,2025-05-22,3,regular,mobile
U001082,2025-06-30,3,value,mobile
U001083,2025-06-04,1,value,mobile
U001084,2025-11-24,2,premium,mobile
U001085,2025-05-13,1,premium,mobile
U001086,2025-12-29,3,regular,web
U001087,2025-07-18,1,value,web
U001088,2025-09-25,2,regular,web
U001089,2025-08-01,2,premium,web
U001090,2025-07-15,2,regular,web
U001091,2025-12-12,2,regular,mobile
U001092,2025-07-17,3,regular,
U001093,2026-01-14,3,premium,mobile
U001094,2025-10-06,2,regular,web
U001095,2025-07-18,2,value,mobile
U001096,2025-12-12,1,regular,web
U001097,2025-06-24,1,premium,web
U001098,2025-07-13,2,value,web
U001099,2025-12-19,3,value,web
U001100,2025-05-30,2,value,web
U001101,2025-12-18,2,value,web
U001102,2025-04-05,2,value,web
U001103,2025-04-07,2,regular,web
U001104,2025-05-15,2,regular,mobile
U001105,2025-09-30,2,regular,web
U001106,2025-12-08,3,regular,web
U001107,2025-12-07,2,value,mobile
U001108,2025-10-03,3,regular,web
U001109,2025-10-08,3,value,mobile
U001110,2026-01-18,3,value,web
U001111,2026-01-06,3,regular,web
U001112,2025-04-25,3,regular,mobile
U001113,2025-09-15,3,regular,web
U001114,2025-07-20,2,regular,mobile
U001115,2025-05-14,2,regular,web
U001116,2025-11-22,2,value,web
U001117,2025-09-09,3,regular,web
U001118,2025-10-14,2,regular,web
U001119,2025-09-02,1,regular,web
U001120,2025-04-24,1,regular,web
U001121,2025-12-13,2,regular,web
U001122,2025-07-30,3,regular,mobile
U001123,2025-06-07,3,regular,web
U001124,2025-10-07,2,value,mobile
U001125,2025-07-02,2,value,web
U001126,2025-10-22,2,value,web
U001127,2025-08-31,1,regular,mobile
U001128,2025-08-14,1,regular,mobile
U001129,2025-05-04,2,regular,mobile
U001130,2025-05-29,2,value,web
U001131,2025-12-12,3,value,web
U001132,2026-01-11,1,value,mobile
U001133,2025-09-12,3,regular,mobile
U001134,2025-08-18,2,regular,web
U001135,2025-05-27,2,value,web
U001136,2025-10-30,2,value,mobile
U001137,2025-10-10,1,premium,mobile
U001138,2025-09-07,3,regular,mobile
U001139,2025-06-22,3,premium,web
U001140,2025-04-28,3,value,mobile
U001141,2026-01-12,1,value,web
U001142,2025-06-12,2,regular,web
U001143,2025-10-12,2,premium,web
U001144,2025-04-23,3,value,web
U001145,2025-10-20,1,premium,web
U001146,2025-05-30,1,regular,mobile
U001147,2025-10-25,3,premium,mobile
U001148,2025-06-02,2,premium,web
U001149,2025-08-27,1,regular,mobile
U001150,2025-08-03,1,premium,mobile
U001151,2025-09-01,2,value,web
U001152,2025-07-07,2,regular,web
U001153,2025-07-12,2,regular,web
U001154,2025-07-19,3,value,web
U001155,2025-10-07,1,regular,web
U001156,2025-11-28,3,regular,mobile
U001157,2025-07-20,3,value,web
U001158,2025-04-11,3,regular,web
U001159,2025-05-31,3,regular,mobile
U001160,2025-05-05,2,value,web
U001161,2025-10-04,1,regular,web
U001162,2025-11-26,3,value,mobile
U001163,2025-06-05,2,regular,web
U001164,2025-09-07,2,regular,mobile
U001165,2025-08-21,2,regular,web
U001166,2025-08-10,2,premium,web
U001167,2025-12-18,2,premium,web
U001168,2025-06-21,2,regular,mobile
U001169,2025-10-03,2,value,web
U001170,2025-09-09,3,value,mobile
U001171,2025-12-15,2,regular,web
U001172,2025-06-08,2,regular,mobile
U001173,2026-01-01,3,regular,web
U001174,2025-12-10,3,regular,mobile
U001175,2025-08-13,2,regular,mobile
U001176,2025-11-30,1,premium,mobile
U001177,2025-10-10,1,regular,web
U001178,2025-07-07,3,regular,mobile
U001179,2025-12-09,3,regular,mobile
U001180,2025-04-12,2,regular,web
U001181,2025-05-15,2,regular,mobile
U001182,2025-12-19,1,premium,web
U001183,2025-11-21,2,regular,web
U001184,2025-06-30,2,regular,web
U001185,2026-01-16,2,value,mobile
U001186,2025-10-13,3,regular,web
U001187,2025-06-14,3,premium,web
U001188,2025-12-10,1,premium,web
U001189,2026-01-18,2,premium,mobile
U001190,2025-11-23,2,regular,web
U001191,2025-10-03,1,regular,mobile
U001192,2025-12-11,2,premium,web
U001193,2025-11-25,2,regular,web
U001194,2025-08-25,3,value,web
U001195,2025-11-11,3,value,web
U001196,2025-12-06,1,regular,web
U001197,2025-04-14,1,regular,mobile
U001198,2025-08-17,3,regular,web
U001199,2026-01-02,2,regular,mobile
U001200,2025-06-20,2,regular,web
U001201,2025-09-30,2,regular,mobile
U001202,2025-08-22,3,regular,web
U001203,2025-09-22,2,regular,web
U001204,2025-07-11,2,value,mobile
U001205,2025-10-07,1,regular,web
U001206,2025-11-14,3,regular,web
U001207,2025-11-05,1,regular,web
U001208,2025-12-03,1,value,mobile
U001209,2025-06-17,2,value,mobile
U001210,2025-05-16,3,regular,web
U001211,2025-09-09,2,value,mobile
U001212,2025-05-22,2,regular,web
U001213,2025-10-04,1,value,mobile
U001214,2025-07-25,2,regular,mobile
U001215,2025-10-31,3,value,mobile
U001216,2025-08-17,1,premium,web
U001217,2025-09-15,2,value,web
U001218,2026-01-08,2,value,mobile
U001219,2025-10-04,1,regular,web
U001220,2026-01-04,2,regular,mobile
U001221,2025-06-14,2,value,mobile
U001222,2026-01-11,1,regular,mobile
U001223,2025-06-06,3,regular,web
U001224,2025-11-03,1,value,mobile
U001225,2025-04-18,2,regular,mobile
U001226,2025-10-19,2,regular,web
U001227,2025-12-17,2,value,web
U001228,2025-06-22,1,value,mobile
U001229,2025-05-20,3,premium,web
U001230,2025-07-22,1,value,web
U001231,2025-04-24,2,premium,web
U001232,2025-04-05,3,regular,mobile
U001233,2025-08-07,3,regular,web
U001234,2025-12-03,3,premium,web
U001235,2025-07-31,2,value,mobile
U001236,2025-06-24,2,regular,mobile
U001237,2025-06-09,3,value,mobile
U001238,2025-04-28,1,value,mobile
U001239,2025-07-28,3,premium,web
U001240,2025-07-05,1,value,web
U001241,2025-08-13,2,premium,web
U001242,2025-07-08,1,value,web
U001243,2025-09-23,1,regular,web
U001244,2025-11-01,1,value,mobile
U001245,2025-04-08,3,regular,web
U001246,2025-04-06,1,premium,web
U001247,2025-06-24,3,regular,web
U001248,2025-06-10,1,value,mobile
U001249,2025-04-30,2,value,web
U001250,2025-12-21,1,regular,mobile
U001251,2025-04-30,3,regular,web
U001252,2025-12-09,1,value,mobile
U001253,2025-04-24,3,premium,web
U001254,2025-10-05,2,regular,web
U001255,2025-07-25,3,premium,web
U001256,2025-09-14,3,value,web
U001257,2025-09-03,2,value,web
U001258,2025-06-08,2,regular,web
U001259,2025-05-04,1,regular,web
U001260,2025-12-15,2,value,mobile
U001261,2025-11-03,1,value,web
U001262,2025-11-12,2,value,mobile
U001263,2025-10-01,2,regular,mobile
U001264,2025-09-01,2,regular,web
U001265,2025-12-08,1,value,web
U001266,2025-05-21,3,premium,web
U001267,2025-09-28,1,regular,mobile
U001268,2025-06-06,2,regular,web
U001269,2025-10-11,1,regular,web
U001270,2025-07-24,2,regular,web
U001271,2025-08-07,2,value,web
U001272,2025-07-10,2,regular,mobile
U001273,2025-09-25,2,regular,mobile
U001274,2025-04-22,1,value,mobile
U001275,2025-11-15,3,regular,mobile
U001276,2025-08-01,2,premium,web
U001277,2026-01-15,2,regular,web
U001278,2025-08-13,2,value,web
U001279,2025-05-10,2,regular,web
U001280,2025-06-27,2,regular,mobile
U001281,2025-08-16,1,value,mobile
U001282,2025-07-25,2,premium,web
U001283,2025-06-21,2,premium,web
U001284,2025-07-10,2,value,web
U001285,2025-11-04,3,regular,mobile
U001286,2025-07-23,2,value,mobile
U001287,2025-05-20,2,value,web
U001288,2025-10-02,2,value,web
U001289,2025-11-06,3,value,web
U001290,2025-08-27,1,regular,web
U001291,2025-11-01,3,value,mobile
U001292,2025-06-01,3,regular,web
U001293,2025-05-17,2,regular,mobile
U001294,2025-11-22,1,regular,mobile
U001295,2025-11-20,3,value,mobile
U001296,2025-09-01,2,value,web
U001297,2025-08-24,1,regular,mobile
U001298,2025-08-16,1,regular,web
U001299,2025-06-08,2,regular,mobile
U001300,2025-10-29,3,value,web
U001301,2025-07-25,3,value,mobile
U001302,2025-11-09,2,premium,web
U001303,2025-08-11,2,regular,mobile
U001304,2025-12-08,3,value,web
U001305,2025-12-07,2,regular,web
U001306,2025-11-27,3,value,mobile
U001307,2025-06-22,2,regular,web
U001308,2025-10-16,2,regular,mobile
U001309,2025-11-10,2,regular,web
U001310,2025-10-31,1,value,web
U001311,2025-12-16,2,premium,web
U001312,2025-05-20,1,premium,web
U001313,2025-10-13,3,premium,web
U001314,2025-10-25,3,regular,mobile
U001315,2025-07-17,2,value,mobile
U001316,2025-06-18,1,premium,mobile
U001317,2025-09-16,1,regular,mobile
U001318,2025-06-19,2,regular,web
U001319,2025-09-23,2,regular,mobile
U001320,2025-05-09,1,value,mobile
U001321,2025-07-29,1,premium,web
U001322,2025-07-29,2,regular,mobile
U001323,2025-11-04,3,value,web
U001324,2025-04-10,1,value,web
U001325,2025-07-19,2,value,mobile
U001326,2025-10-13,2,regular,web
U001327,2025-08-27,2,premium,web
U001328,2025-11-08,2,regular,mobile
U001329,2025-12-13,2,regular,web
U001330,2025-11-16,3,regular,mobile
U001331,2025-07-11,2,value,web
U001332,2025-05-12,2,value,mobile
U001333,2025-04-30,3,regular,mobile
U001334,2025-10-08,3,value,mobile
U001335,2025-05-11,3,regular,mobile
U001336,2025-12-04,1,regular,mobile
U001337,2025-09-20,1,regular,mobile
U001338,2025-04-15,2,value,mobile
U001339,2025-11-21,3,value,mobile
U001340,2025-05-31,2,regular,web
U001341,2026-01-18,2,premium,mobile
U001342,2025-06-21,2,regular,web
U001343,2025-09-12,3,regular,web
U001344,2025-08-17,1,regular,web
U001345,2025-07-16,2,value,mobile
U001346,2025-05-25,2,regular,mobile
U001347,2025-04-22,3,value,mobile
U001348,2025-09-08,3,regular,mobile
U001349,2026-01-16,2,regular,web
U001350,2025-07-14,2,value,web
U001351,2025-07-01,3,regular,web
U001352,2025-10-12,2,regular,mobile
U001353,2026-01-20,2,value,web
U001354,2025-09-06,1,premium,mobile
U001355,2026-01-11,3,value,web
U001356,2025-10-21,3,premium,mobile
U001357,2025-11-23,2,value,mobile
U001358,2025-06-15,2,regular,mobile
U001359,2025-09-12,2,premium,mobile
U001360,2025-10-27,3,regular,
U001361,2025-07-19,2,regular,web
U001362,2025-11-04,3,value,mobile
U001363,2025-07-26,3,regular,mobile
U001364,2025-11-01,3,regular,
U001365,2025-08-15,2,value,mobile
U001366,2025-04-24,1,regular,web
U001367,2025-05-03,2,premium,web
U001368,2026-01-05,3,regular,mobile
U001369,2025-10-07,3,value,web
U001370,2025-09-19,1,regular,web
U001371,2025-11-15,1,regular,mobile
U001372,2025-06-23,2,premium,mobile
U001373,2025-07-20,3,regular,web
U001374,2025-08-09,1,value,web
U001375,2025-10-13,2,value,mobile
U001376,2025-09-02,2,value,mobile
U001377,2025-06-23,3,premium,mobile
U001378,2025-09-02,2,value,mobile
U001379,2025-07-22,1,value,mobile
U001380,2025-06-16,3,premium,web
U001381,2025-05-30,2,value,mobile
U001382,2025-06-21,2,regular,mobile
U001383,2025-09-08,1,premium,mobile
U001384,2025-07-19,2,premium,mobile
U001385,2025-08-06,1,value,web
U001386,2025-11-18,2,regular,mobile
U001387,2025-10-24,2,value,
U001388,2025-08-10,2,regular,mobile
U001389,2025-09-19,2,value,mobile
U001390,2025-04-16,3,value,web
U001391,2025-08-01,2,value,mobile
U001392,2025-08-14,1,value,web
U001393,2025-06-30,3,regular,mobile
U001394,2025-06-02,1,value,mobile
U001395,2025-11-06,2,regular,web
U001396,2025-04-08,2,value,web
U001397,2026-01-14,2,regular,web
U001398,2026-01-14,2,value,web
U001399,2025-10-03,2,value,web
U001400,2025-06-29,2,regular,web
U001401,2025-06-29,2,value,web
U001402,2025-09-08,2,regular,web
U001403,2025-10-16,2,value,web
U001404,2025-07-18,2,value,web
U001405,2025-08-11,2,value,web
U001406,2025-04-20,2,premium,web
U001407,2025-12-18,2,value,web
U001408,2025-12-23,2,value,web
U001409,2025-06-20,2,premium,mobile
U001410,2026-01-02,3,value,mobile
U001411,2025-12-07,2,value,mobile
U001412,2025-05-29,2,value,web
U001413,2025-05-19,3,regular,mobile
U001414,2025-08-04,1,value,mobile
U001415,2025-10-23,3,premium,mobile
U001416,2025-07-22,2,value,mobile
U001417,2025-11-04,2,regular,web
U001418,2025-05-23,3,regular,web
U001419,2025-12-30,2,regular,web
U001420,2025-10-14,3,regular,web
U001421,2025-06-16,3,regular,web
U001422,2025-11-18,1,value,web
U001423,2025-08-02,2,premium,mobile
U001424,2025-11-12,3,regular,mobile
U001425,2025-10-26,1,regular,mobile
U001426,2025-10-18,2,regular,web
U001427,2025-05-10,3,premium,mobile
U001428,2025-04-10,1,value,mobile
U001429,2025-10-25,1,value,web
U001430,2025-06-10,2,premium,web
U001431,2025-04-24,2,regular,web
U001432,2025-09-01,2,regular,mobile
U001433,2026-01-01,2,regular,web
U001434,2025-10-26,3,regular,web
U001435,2025-07-01,2,regular,mobile
U001436,2025-07-26,2,regular,mobile
U001437,2025-10-25,1,value,web
U001438,2025-08-13,1,regular,mobile
U001439,2025-09-14,3,value,web
U001440,2025-12-05,2,premium,mobile
U001441,2025-04-21,3,value,web
U001442,2025-04-11,2,regular,web
U001443,2025-12-20,2,regular,
U001444,2025-06-22,2,value,web
U001445,2025-11-30,1,regular,web
U001446,2025-06-28,1,regular,mobile
U001447,2025-12-07,2,value,web
U001448,2026-01-18,1,premium,mobile
U001449,2025-12-29,2,regular,web
U001450,2025-06-10,1,regular,mobile
U001451,2025-09-02,2,premium,web
U001452,2025-04-18,2,value,mobile
U001453,2025-06-21,2,value,web
U001454,2025-08-04,2,premium,web
U001455,2025-04-15,2,value,web
U001456,2025-10-11,2,regular,web
U001457,2025-05-31,1,value,web
U001458,2025-05-19,3,regular,mobile
U001459,2025-10-11,2,regular,web
U001460,2025-12-05,3,regular,mobile
U001461,2026-01-20,1,regular,web
U001462,2025-06-01,1,regular,mobile
U001463,2025-11-16,1,regular,web
U001464,2025-10-26,3,regular,web
U001465,2025-11-27,2,value,web
U001466,2025-05-22,3,premium,web
U001467,2025-08-22,2,regular,web
U001468,2025-12-17,1,value,mobile
U001469,2025-09-19,2,value,web
U001470,2025-06-02,2,regular,web
U001471,2025-04-05,2,regular,web
U001472,2025-11-03,3,regular,mobile
U001473,2025-04-24,1,value,web
U001474,2025-12-05,3,regular,web
U001475,2025-10-13,2,value,mobile
U001476,2025-06-18,2,regular,web
U001477,2025-06-05,2,regular,web
U001478,2025-05-02,2,value,web
U001479,2025-07-12,2,regular,mobile
U001480,2025-09-22,2,regular,web
U001481,2025-07-03,2,premium,mobile
U001482,2025-08-28,1,value,web
U001483,2025-10-04,1,regular,web
U001484,2025-08-22,3,premium,mobile
U001485,2025-06-16,2,value,mobile
U001486,2025-11-18,2,premium,web
U001487,2025-10-30,3,value,mobile
U001488,2025-08-17,3,value,web
U001489,2025-05-27,1,premium,mobile
U001490,2025-08-27,3,regular,mobile
U001491,2025-07-18,1,value,mobile
U001492,2025-08-24,2,value,mobile
U001493,2025-05-11,2,regular,mobile
U001494,2025-08-15,2,regular,mobile
U001495,2025-04-19,2,value,mobile
U001496,2025-08-01,2,regular,web
U001497,2025-10-25,2,value,mobile
U001498,2025-05-21,2,regular,web
U001499,2025-05-12,3,value,mobile
U001500,2025-06-29,1,regular,mobile
U001501,2025-12-24,1,premium,mobile
U001502,2025-06-21,2,value,mobile
U001503,2026-01-04,2,premium,web
U001504,2025-06-16,2,regular,web
U001505,2025-04-21,2,regular,web
U001506,2025-11-18,2,value,web
U001507,2025-05-09,3,regular,web
U001508,2025-05-08,3,regular,web
U001509,2025-09-07,3,regular,web
U001510,2025-06-03,2,premium,mobile
U001511,2025-09-27,3,regular,mobile
U001512,2025-09-05,2,value,mobile
U001513,2025-10-29,1,premium,mobile
U001514,2025-07-04,3,regular,mobile
U001515,2025-06-25,1,regular,mobile
U001516,2025-06-13,2,regular,web
U001517,2025-11-08,2,value,web
U001518,2025-07-22,3,value,web
U001519,2025-12-09,2,value,web
U001520,2025-08-29,3,regular,mobile
U001521,2025-11-22,1,premium,web
U001522,2025-10-18,1,regular,mobile
U001523,2025-10-23,1,regular,web
U001524,2026-01-12,2,value,web
U001525,2025-08-14,2,value,mobile
U001526,2025-12-09,1,regular,mobile
U001527,2025-11-30,1,value,mobile
U001528,2025-08-08,2,value,web
U001529,2025-10-24,2,value,mobile
U001530,2025-08-14,3,value,web
U001531,2025-10-15,2,regular,web
U001532,2025-08-03,3,regular,web
U001533,2025-08-26,3,regular,mobile
U001534,2025-06-13,2,premium,mobile
U001535,2025-10-06,2,value,mobile
U001536,2026-01-06,1,premium,mobile
U001537,2025-07-17,2,regular,web
U001538,2025-04-24,2,regular,web
U001539,2025-10-28,2,premium,web
U001540,2025-06-03,1,regular,mobile
U001541,2025-10-24,2,value,
U001542,2025-10-14,1,value,web
U001543,2026-01-06,3,value,web
U001544,2025-09-23,2,regular,mobile
U001545,2025-05-10,1,regular,mobile
U001546,2025-06-25,2,regular,mobile
U001547,2025-06-22,2,value,mobile
U001548,2026-01-02,1,value,mobile
U001549,2025-12-11,2,regular,mobile
U001550,2025-08-02,1,regular,mobile
U001551,2025-12-16,1,regular,mobile
U001552,2025-09-25,2,value,mobile
U001553,2025-07-05,2,value,mobile
U001554,2025-05-01,2,regular,web
U001555,2025-12-26,2,regular,web
U001556,2025-12-20,2,value,mobile
U001557,2025-11-08,2,premium,mobile
U001558,2025-05-04,2,value,web
U001559,2025-09-14,2,value,mobile
U001560,2025-07-28,2,regular,web
U001561,2025-10-20,3,regular,web
U001562,2025-12-18,1,regular,web
U001563,2025-09-07,1,regular,web
U001564,2026-01-04,2,premium,web
U001565,2025-05-31,3,value,web
U001566,2025-12-24,3,value,web
U001567,2025-12-15,2,regular,web
U001568,2025-12-01,2,regular,mobile
U001569,2026-01-07,2,value,web
U001570,2025-06-11,3,value,mobile
U001571,2025-05-31,1,regular,mobile
U001572,2025-04-14,2,premium,mobile
U001573,2025-11-11,2,premium,mobile
U001574,2025-08-14,2,value,mobile
U001575,2025-06-28,1,regular,web
U001576,2025-04-23,2,regular,mobile
U001577,2025-06-20,1,premium,mobile
U001578,2026-01-09,2,value,web
U001579,2025-04-25,2,premium,mobile
U001580,2025-04-07,3,regular,web
U001581,2025-06-17,1,value,web
U001582,2025-07-08,1,regular,web
U001583,2025-06-01,2,value,mobile
U001584,2025-06-03,3,regular,web
U001585,2025-09-10,1,regular,web
U001586,2025-04-08,2,regular,mobile
U001587,2026-01-15,1,value,mobile
U001588,2025-08-28,2,regular,mobile
U001589,2025-07-20,1,regular,mobile
U001590,2025-04-27,2,regular,mobile
U001591,2025-05-31,2,regular,web
U001592,2025-12-22,2,regular,web
U001593,2025-07-11,2,regular,web
U001594,2025-10-22,1,regular,mobile
U001595,2025-05-22,1,premium,web
U001596,2025-07-21,2,value,web
U001597,2025-07-08,1,premium,mobile
U001598,2025-12-05,1,regular,
U001599,2025-07-30,2,value,mobile
U001600,2025-11-22,2,regular,web
U001601,2025-12-29,3,value,mobile
U001602,2025-07-08,2,regular,web
U001603,2025-06-05,2,regular,mobile
U001604,2025-12-07,2,regular,mobile
U001605,2025-12-30,3,regular,mobile
U001606,2025-12-31,2,regular,mobile
U001607,2025-05-13,1,value,web
U001608,2025-10-02,2,value,web
U001609,2025-05-08,1,regular,mobile
U001610,2025-07-16,2,premium,web
U001611,2025-08-01,1,value,web
U001612,2025-12-23,2,premium,mobile
U001613,2025-11-04,1,regular,web
U001614,2026-01-04,3,regular,web
U001615,2025-12-03,1,value,web
U001616,2025-07-15,2,regular,web
U001617,2025-12-12,2,regular,mobile
U001618,2025-04-30,2,regular,mobile
U001619,2025-06-02,2,value,mobile
U001620,2025-12-13,2,value,mobile
U001621,2025-04-20,2,regular,mobile
U001622,2025-10-15,2,value,web
U001623,2025-12-20,1,premium,mobile
U001624,2025-06-11,2,regular,web
U001625,2025-10-24,1,premium,web
U001626,2025-09-16,1,value,web
U001627,2025-10-26,1,regular,web
U001628,2025-07-03,3,value,web
U001629,2025-05-08,2,value,mobile
U001630,2025-12-28,2,regular,web
U001631,2025-05-05,2,regular,mobile
U001632,2025-07-13,3,regular,mobile
U001633,2025-04-05,2,regular,mobile
U001634,2025-06-01,2,value,mobile
U001635,2025-10-11,2,regular,mobile
U001636,2025-04-17,2,value,web
U001637,2025-06-07,3,value,mobile
U001638,2025-07-13,2,regular,web
U001639,2025-07-10,2,regular,web
U001640,2026-01-17,3,regular,web
U001641,2025-05-29,1,premium,mobile
U001642,2025-06-07,1,premium,mobile
U001643,2025-11-11,3,value,web
U001644,2025-08-16,3,premium,web
U001645,2025-08-27,1,regular,web
U001646,2026-01-12,1,regular,web
U001647,2025-06-03,1,value,web
U001648,2025-04-06,2,regular,web
U001649,2025-12-17,1,regular,mobile
U001650,2025-06-29,2,value,web
U001651,2025-07-07,2,regular,web
U001652,2025-11-29,1,value,web
U001653,2025-10-03,3,regular,mobile
U001654,2025-05-02,2,regular,web
U001655,2025-12-20,2,regular,mobile
U001656,2025-12-31,2,value,web
U001657,2025-04-07,2,regular,web
U001658,2025-12-03,2,value,mobile
U001659,2025-05-26,1,regular,mobile
U001660,2025-05-16,2,regular,web
U001661,2025-11-13,2,regular,web
U001662,2025-09-24,2,regular,mobile
U001663,2025-08-10,1,value,mobile
U001664,2025-09-13,2,regular,web
U001665,2025-06-02,2,premium,web
U001666,2025-10-23,3,premium,mobile
U001667,2025-07-17,1,regular,web
U001668,2025-07-03,3,regular,web
U001669,2025-09-14,2,premium,mobile
U001670,2025-07-25,1,regular,mobile
U001671,2025-04-23,1,value,mobile
U001672,2025-06-14,3,regular,mobile
U001673,2026-01-14,1,premium,mobile
U001674,2025-06-28,1,regular,web
U001675,2025-07-29,2,regular,web
U001676,2025-05-26,2,value,mobile
U001677,2025-04-20,3,premium,web
U001678,2025-12-24,2,premium,mobile
U001679,2025-09-24,2,regular,mobile
U001680,2025-12-19,2,premium,mobile
U001681,2025-12-02,1,value,mobile
U001682,2025-07-18,2,value,web
U001683,2025-08-22,3,value,mobile
U001684,2025-10-23,1,regular,web
U001685,2025-11-17,2,premium,web
U001686,2025-08-25,2,premium,web
U001687,2025-04-15,1,value,web
U001688,2025-06-25,2,regular,web
U001689,2025-07-04,3,regular,web
U001690,2025-07-15,2,value,mobile
U001691,2025-09-23,2,premium,mobile
U001692,2026-01-10,3,regular,mobile
U001693,2025-05-17,2,value,mobile
U001694,2025-07-13,3,value,mobile
U001695,2025-06-21,2,regular,web
U001696,2025-09-20,2,premium,web
U001697,2025-11-27,1,value,mobile
U001698,2026-01-05,2,regular,mobile
U001699,2025-08-30,1,value,mobile
U001700,2025-06-30,3,premium,mobile
U001701,2025-06-07,3,value,mobile
U001702,2025-11-26,1,premium,mobile
U001703,2025-04-18,2,regular,web
U001704,2025-05-08,1,regular,web
U001705,2025-04-22,3,regular,mobile
U001706,2025-11-04,2,regular,mobile
U001707,2025-12-09,3,regular,mobile
U001708,2025-11-25,2,value,web
U001709,2025-06-23,1,value,web
U001710,2025-12-04,2,value,web
U001711,2025-04-06,2,value,web
U001712,2026-01-13,3,regular,mobile
U001713,2025-09-25,2,regular,mobile
U001714,2025-10-28,1,regular,mobile
U001715,2025-05-03,2,regular,web
U001716,2026-01-14,1,premium,web
U001717,2025-07-27,1,premium,web
U001718,2025-06-25,2,value,mobile
U001719,2025-12-08,1,regular,web
U001720,2025-09-03,2,premium,mobile
U001721,2025-05-13,3,value,mobile
U001722,2025-06-06,3,regular,mobile
U001723,2025-07-19,1,regular,web
U001724,2025-04-29,2,regular,web
U001725,2025-08-30,2,regular,web
U001726,2025-08-10,1,regular,web
U001727,2025-10-10,2,value,mobile
U001728,2025-10-31,1,premium,web
U001729,2025-05-14,2,regular,web
U001730,2025-11-17,2,value,mobile
U001731,2025-11-30,3,regular,mobile
U001732,2025-04-09,1,regular,web
U001733,2025-11-12,2,premium,mobile
U001734,2026-01-04,2,regular,mobile
U001735,2025-07-28,2,regular,web
U001736,2025-06-15,3,value,web
U001737,2025-09-12,2,regular,mobile
U001738,2025-06-29,2,value,web
U001739,2025-06-05,2,regular,mobile
U001740,2025-12-03,2,premium,web
U001741,2025-09-26,2,regular,mobile
U001742,2025-12-21,1,value,mobile
U001743,2025-10-30,1,value,web
U001744,2025-11-05,2,premium,web
U001745,2025-11-19,2,value,mobile
U001746,2025-07-10,3,regular,mobile
U001747,2025-05-12,1,premium,web
U001748,2025-08-17,1,premium,web
U001749,2026-01-12,3,regular,web
U001750,2025-12-03,2,premium,web
U001751,2025-11-01,1,regular,web
U001752,2025-07-17,1,premium,mobile
U001753,2025-06-05,3,regular,web
U001754,2025-11-25,2,value,web
U001755,2025-08-11,2,regular,mobile
U001756,2025-11-18,3,value,mobile
U001757,2025-06-05,2,premium,web
U001758,2025-08-19,3,value,web
U001759,2025-11-23,3,regular,web
U001760,2025-12-21,2,value,mobile
U001761,2025-04-17,3,regular,mobile
U001762,2025-07-25,2,value,web
U001763,2025-06-21,1,premium,mobile
U001764,2025-11-09,1,value,web
U001765,2025-11-17,2,regular,mobile
U001766,2025-10-08,1,premium,mobile
U001767,2025-11-07,3,value,web
U001768,2025-07-10,2,regular,web
U001769,2025-04-21,1,value,web
U001770,2025-09-06,3,regular,web
U001771,2025-04-11,2,premium,mobile
U001772,2025-09-28,2,value,web
U001773,2025-09-28,1,premium,web
U001774,2025-09-08,2,regular,web
U001775,2025-12-07,3,value,mobile
U001776,2025-05-07,2,premium,mobile
U001777,2025-08-01,2,regular,web
U001778,2026-01-18,2,value,web
U001779,2025-06-18,2,value,mobile
U001780,2026-01-11,2,premium,mobile
U001781,2025-04-05,1,premium,mobile
U001782,2025-04-15,1,regular,mobile
U001783,2025-06-05,1,regular,web
U001784,2026-01-04,3,regular,mobile
U001785,2025-10-09,1,regular,web
U001786,2025-09-06,2,value,web
U001787,2025-05-10,2,regular,mobile
U001788,2025-05-11,2,premium,web
U001789,2025-12-10,3,regular,mobile
U001790,2025-11-29,1,regular,web
U001791,2025-04-22,1,premium,web
U001792,2025-08-08,1,regular,mobile
U001793,2025-09-11,2,value,mobile
U001794,2025-10-29,2,premium,web
U001795,2025-04-07,2,regular,mobile
U001796,2025-12-01,2,regular,web
U001797,2025-09-05,2,value,mobile
U001798,2025-09-08,2,regular,web
U001799,2025-07-18,1,value,web
U001800,2025-04-19,2,regular,web
U001801,2025-12-31,3,regular,mobile
U001802,2025-11-30,3,premium,web
U001803,2025-12-02,2,regular,mobile
U001804,2025-10-23,3,premium,web
U001805,2025-08-24,1,regular,web
U001806,2025-12-25,2,regular,mobile
U001807,2025-05-06,2,value,mobile
U001808,2025-06-22,2,regular,web
U001809,2025-08-13,3,regular,mobile
U001810,2025-11-19,2,value,web
U001811,2025-07-11,1,regular,mobile
U001812,2025-12-15,2,premium,mobile
U001813,2025-07-05,1,value,web
U001814,2025-07-17,3,regular,web
U001815,2025-07-07,1,regular,mobile
U001816,2025-08-02,2,regular,web
U001817,2025-11-28,1,value,mobile
U001818,2025-07-11,2,regular,mobile
U001819,2025-08-24,2,regular,mobile
U001820,2025-04-06,2,premium,mobile
U001821,2025-09-13,1,regular,web
U001822,2025-06-11,2,regular,mobile
U001823,2025-08-26,2,value,web
U001824,2025-07-10,1,premium,web
U001825,2025-07-24,2,regular,web
U001826,2025-05-06,1,value,web
U001827,2025-08-16,1,regular,web
U001828,2025-11-13,2,premium,mobile
U001829,2025-09-29,2,regular,mobile
U001830,2025-08-07,3,premium,web
U001831,2025-12-07,1,value,web
U001832,2025-09-17,2,regular,mobile
U001833,2025-09-30,2,regular,web
U001834,2025-06-26,2,value,web
U001835,2025-10-21,2,regular,mobile
U001836,2025-07-18,1,regular,web
U001837,2025-05-31,2,regular,web
U001838,2025-11-10,1,regular,web
U001839,2025-09-19,3,regular,
U001840,2025-08-19,1,value,web
U001841,2025-10-29,1,value,mobile
U001842,2025-09-25,2,regular,web
U001843,2025-11-11,2,regular,mobile
U001844,2025-08-06,2,value,web
U001845,2026-01-20,2,value,web
U001846,2025-09-14,1,regular,web
U001847,2025-08-19,3,value,web
U001848,2025-12-22,1,premium,web
U001849,2026-01-20,2,value,mobile
U001850,2025-06-21,3,premium,mobile
U001851,2025-06-11,2,regular,mobile
U001852,2025-09-03,3,regular,mobile
U001853,2025-04-25,1,regular,web
U001854,2025-10-21,2,regular,web
U001855,2025-10-19,2,value,mobile
U001856,2025-04-30,2,regular,mobile
U001857,2025-06-22,3,value,mobile
U001858,2026-01-09,1,value,web
U001859,2025-05-27,2,premium,web
U001860,2025-08-28,3,premium,web
U001861,2025-10-19,1,regular,web
U001862,2025-06-15,2,value,web
U001863,2025-07-12,2,regular,web
U001864,2025-11-12,2,regular,web
U001865,2025-08-06,2,regular,mobile
U001866,2025-11-28,2,value,mobile
U001867,2025-04-22,2,regular,mobile
U001868,2025-10-05,3,value,mobile
U001869,2025-07-13,2,regular,mobile
U001870,2025-12-27,3,value,web
U001871,2025-08-10,2,regular,mobile
U001872,2025-04-30,2,regular,web
U001873,2025-12-04,1,regular,mobile
U001874,2025-09-05,1,premium,web
U001875,2025-04-22,2,premium,web
U001876,2025-11-07,1,regular,mobile
U001877,2025-09-21,2,regular,mobile
U001878,2025-12-27,2,regular,mobile
U001879,2025-10-26,2,value,mobile
U001880,2025-10-08,2,regular,web
U001881,2025-06-08,2,value,mobile
U001882,2025-09-27,2,regular,web
U001883,2025-05-24,3,regular,mobile
U001884,2025-07-26,1,value,web
U001885,2025-08-08,2,value,web
U001886,2025-09-18,2,regular,web
U001887,2025-06-04,1,premium,web
U001888,2025-09-13,3,regular,mobile
U001889,2025-07-08,2,regular,mobile
U001890,2025-12-24,2,regular,mobile
U001891,2026-01-18,1,regular,web
U001892,2025-12-01,2,regular,web
U001893,2025-06-12,2,regular,mobile
U001894,2025-11-05,2,regular,web
U001895,2026-01-15,1,regular,web
U001896,2025-12-29,2,regular,
U001897,2025-12-15,2,regular,web
U001898,2025-04-24,3,value,web
U001899,2025-05-18,2,value,mobile
U001900,2025-11-14,2,regular,mobile
U001901,2025-07-03,3,value,web
U001902,2025-08-17,3,regular,mobile
U001903,2025-08-23,2,premium,web
U001904,2025-11-09,2,value,mobile
U001905,2025-11-06,2,regular,mobile
U001906,2025-06-30,1,value,web
U001907,2025-11-21,1,regular,web
U001908,2025-08-18,1,regular,web
U001909,2025-09-21,1,regular,mobile
U001910,2025-11-30,1,regular,web
U001911,2025-06-26,2,regular,web
U001912,2025-04-15,2,regular,web
U001913,2025-10-12,1,value,web
U001914,2025-06-28,2,value,web
U001915,2025-06-19,1,regular,mobile
U001916,2025-08-25,2,value,web
U001917,2025-12-16,1,premium,mobile
U001918,2025-12-08,2,value,web
U001919,2025-11-03,1,regular,mobile
U001920,2025-06-22,2,regular,mobile
U001921,2026-01-04,3,regular,mobile
U001922,2025-11-30,2,regular,mobile
U001923,2025-04-15,2,value,web
U001924,2025-06-15,2,regular,mobile
U001925,2025-05-10,1,regular,web
U001926,2025-07-02,1,regular,web
U001927,2025-10-19,3,regular,mobile
U001928,2025-09-13,2,regular,mobile
U001929,2025-05-17,2,premium,mobile
U001930,2025-10-12,2,regular,mobile
U001931,2025-09-25,3,value,web
U001932,2025-12-17,1,regular,web
U001933,2025-07-04,2,premium,web
U001934,2025-12-16,2,premium,web
U001935,2025-10-13,3,regular,mobile
U001936,2025-06-16,1,regular,mobile
U001937,2025-07-08,2,regular,web
U001938,2025-11-07,2,regular,web
U001939,2025-10-23,2,regular,mobile
U001940,2025-10-06,1,regular,mobile
U001941,2025-07-31,2,regular,web
U001942,2025-07-26,2,premium,mobile
U001943,2025-09-14,2,regular,web
U001944,2025-11-16,1,premium,web
U001945,2025-06-17,2,regular,web
U001946,2025-12-22,2,value,web
U001947,2025-06-02,2,regular,web
U001948,2025-08-22,2,regular,web
U001949,2025-07-04,3,regular,web
U001950,2025-12-27,1,value,mobile
U001951,2025-05-26,3,value,mobile
U001952,2025-05-12,1,regular,mobile
U001953,2025-10-20,1,value,web
U001954,2025-05-23,1,value,web
U001955,2026-01-17,2,premium,mobile
U001956,2025-11-13,3,premium,web
U001957,2025-12-17,3,premium,mobile
U001958,2025-07-02,3,regular,web
U001959,2025-11-08,2,regular,web
U001960,2025-09-22,1,regular,web
U001961,2025-08-06,2,regular,web
U001962,2025-08-27,3,regular,mobile
U001963,2025-04-09,1,value,web
U001964,2025-05-17,3,value,web
U001965,2025-05-11,1,regular,web
U001966,2025-11-10,2,regular,mobile
U001967,2025-06-22,2,premium,web
U001968,2025-11-06,3,regular,web
U001969,2025-10-28,3,regular,web
U001970,2025-05-17,1,value,web
U001971,2025-07-08,2,value,mobile
U001972,2025-06-19,1,value,mobile
U001973,2025-05-08,2,regular,web
U001974,2025-11-23,1,premium,mobile
U001975,2025-07-22,2,value,web
U001976,2025-12-26,2,value,web
U001977,2025-12-06,1,regular,web
U001978,2025-12-14,2,value,mobile
U001979,2025-11-06,3,value,web
U001980,2025-08-29,1,premium,mobile
U001981,2025-08-06,3,value,web
U001982,2025-07-20,2,regular,mobile
U001983,2025-10-04,1,regular,mobile
U001984,2025-08-12,3,regular,web
U001985,2025-12-10,2,premium,web
U001986,2025-05-26,2,regular,web
U001987,2025-07-20,2,value,mobile
U001988,2025-08-27,3,value,web
U001989,2025-06-25,1,regular,web
U001990,2025-06-11,1,regular,web
U001991,2025-09-15,2,value,web
U001992,2025-05-22,1,value,web
U001993,2025-11-18,3,value,mobile
U001994,2025-07-24,2,value,web
U001995,2025-11-09,2,value,web
U001996,2025-04-23,3,value,web
U001997,2025-11-20,2,regular,web
U001998,2025-08-19,2,regular,web
U001999,2025-12-08,2,regular,web
U002000,2025-10-24,2,regular,mobile
U002001,2025-11-24,2,value,web
U002002,2025-10-11,1,premium,mobile
U002003,2025-05-06,2,regular,mobile
U002004,2026-01-13,2,regular,mobile
U002005,2025-07-28,1,value,web
U002006,2025-12-18,3,premium,mobile
U002007,2025-08-31,1,regular,mobile
U002008,2025-10-06,2,value,mobile
U002009,2025-05-27,1,value,web
U002010,2025-12-22,2,value,mobile
U002011,2025-11-21,2,value,mobile
U002012,2025-08-12,2,value,web
U002013,2025-08-04,3,value,mobile
U002014,2025-11-23,1,regular,mobile
U002015,2025-05-23,3,regular,mobile
U002016,2025-06-26,2,value,mobile
U002017,2025-05-15,2,value,web
U002018,2025-09-05,1,value,mobile
U002019,2025-07-22,3,value,web
U002020,2026-01-15,2,value,mobile
U002021,2025-12-21,2,regular,web
U002022,2025-09-26,1,value,web
U002023,2025-11-13,2,premium,web
U002024,2025-08-30,1,premium,mobile
U002025,2025-08-06,2,regular,mobile
U002026,2025-11-20,2,value,mobile
U002027,2025-07-19,1,value,web
U002028,2025-07-04,2,regular,web
U002029,2025-05-16,3,premium,mobile
U002030,2025-12-02,1,premium,web
U002031,2025-11-21,2,regular,mobile
U002032,2025-04-10,1,premium,web
U002033,2025-12-06,1,value,mobile
U002034,2025-06-13,2,regular,web
U002035,2025-12-19,2,regular,mobile
U002036,2025-05-26,2,value,web
U002037,2025-05-21,3,regular,web
U002038,2025-06-18,2,regular,web
U002039,2026-01-01,2,premium,web
U002040,2026-01-05,2,value,web
U002041,2025-10-14,2,value,web
U002042,2025-04-11,3,value,mobile
U002043,2025-10-01,2,value,mobile
U002044,2025-06-30,2,value,mobile
U002045,2025-11-03,1,value,mobile
U002046,2025-09-19,3,premium,web
U002047,2025-12-15,2,value,web
U002048,2025-10-26,2,regular,web
U002049,2025-07-05,3,value,web
U002050,2025-11-16,1,value,mobile
U002051,2025-06-13,3,value,web
U002052,2025-07-25,1,regular,web
U002053,2025-06-12,1,value,web
U002054,2025-06-08,2,value,web
U002055,2025-07-31,3,regular,web
U002056,2025-12-09,2,value,web
U002057,2025-08-12,3,premium,web
U002058,2025-05-10,2,value,web
U002059,2025-11-09,3,regular,web
U002060,2025-04-23,1,premium,mobile
U002061,2025-09-15,2,value,mobile
U002062,2025-06-11,1,value,mobile
U002063,2025-12-24,2,regular,web
U002064,2025-08-26,2,regular,mobile
U002065,2025-08-03,2,regular,mobile
U002066,2026-01-04,1,value,web
U002067,2025-08-16,2,regular,web
U002068,2025-11-03,3,regular,mobile
U002069,2025-08-09,1,value,web
U002070,2025-09-16,2,regular,mobile
U002071,2025-08-27,3,regular,mobile
U002072,2025-09-03,3,regular,mobile
U002073,2025-08-09,3,regular,mobile
U002074,2025-10-23,1,regular,web
U002075,2025-08-21,2,regular,web
U002076,2025-10-04,1,value,web
U002077,2025-11-02,2,premium,web
U002078,2025-07-11,2,value,mobile
U002079,2025-05-24,2,regular,
U002080,2025-05-01,2,regular,mobile
U002081,2025-09-26,2,regular,web
U002082,2025-06-02,1,regular,web
U002083,2025-07-18,1,regular,web
U002084,2025-11-18,3,regular,mobile
U002085,2025-08-17,1,value,web
U002086,2025-10-06,3,regular,web
U002087,2025-05-18,3,regular,web
U002088,2025-11-22,3,regular,web
U002089,2025-09-24,3,premium,mobile
U002090,2025-04-17,1,regular,web
U002091,2025-08-19,1,premium,web
U002092,2025-12-23,2,value,web
U002093,2025-08-20,1,premium,web
U002094,2025-07-25,1,regular,web
U002095,2025-04-13,3,premium,web
U002096,2025-12-30,3,value,web
U002097,2025-06-09,3,regular,mobile
U002098,2025-09-25,2,premium,mobile
U002099,2025-08-07,3,regular,mobile
U002100,2025-09-11,3,value,web
U002101,2025-05-10,2,value,mobile
U002102,2025-11-29,1,premium,web
U002103,2025-05-22,1,regular,mobile
U002104,2025-10-04,2,value,web
U002105,2025-06-18,3,value,mobile
U002106,2025-10-18,1,regular,mobile
U002107,2025-05-02,2,value,web
U002108,2025-05-20,2,regular,mobile
U002109,2025-12-23,3,regular,web
U002110,2025-09-27,1,value,web
U002111,2025-11-27,2,value,web
U002112,2025-07-17,2,premium,mobile
U002113,2025-11-13,2,value,
U002114,2025-04-26,3,value,mobile
U002115,2025-10-30,3,regular,mobile
U002116,2025-05-13,3,regular,mobile
U002117,2025-10-09,2,regular,mobile
U002118,2025-08-22,2,premium,web
U002119,2025-10-05,1,value,mobile
U002120,2025-06-20,2,value,web
U002121,2025-05-05,1,regular,mobile
U002122,2025-11-13,3,regular,web
U002123,2025-08-17,1,value,mobile
U002124,2025-05-10,1,regular,web
U002125,2025-08-04,3,value,mobile
U002126,2025-04-09,3,value,web
U002127,2025-12-16,3,regular,mobile
U002128,2026-01-20,2,regular,web
U002129,2025-07-30,1,value,mobile
U002130,2025-07-05,3,value,web
U002131,2025-10-05,2,value,web
U002132,2025-08-31,3,value,mobile
U002133,2025-11-11,1,regular,mobile
U002134,2025-06-05,1,regular,mobile
U002135,2025-07-24,2,regular,mobile
U002136,2025-06-04,2,premium,web
U002137,2026-01-06,2,regular,web
U002138,2025-07-31,2,regular,mobile
U002139,2025-10-08,2,regular,mobile
U002140,2025-11-20,1,regular,web
U002141,2025-10-02,1,regular,mobile
U002142,2025-04-16,2,premium,web
U002143,2026-01-17,2,value,mobile
U002144,2025-12-04,1,regular,mobile
U002145,2025-07-03,1,value,web
U002146,2026-01-18,2,value,web
U002147,2025-12-20,2,premium,web
U002148,2025-09-14,2,regular,web
U002149,2025-08-09,3,regular,web
U002150,2025-07-18,3,value,
U002151,2025-06-18,1,regular,web
U002152,2025-06-12,2,value,web
U002153,2025-05-10,1,regular,web
U002154,2025-05-28,2,premium,web
U002155,2026-01-15,1,regular,web
U002156,2025-07-08,1,regular,web
U002157,2025-06-06,1,regular,mobile
U002158,2025-12-08,1,value,web
U002159,2025-09-25,2,regular,mobile
U002160,2025-04-05,1,regular,web
U002161,2025-06-17,3,value,mobile
U002162,2025-11-19,3,regular,mobile
U002163,2025-06-24,2,premium,mobile
U002164,2025-10-16,2,regular,mobile
U002165,2025-09-20,3,regular,web
U002166,2025-04-10,1,value,web
U002167,2025-05-12,2,regular,mobile
U002168,2025-04-25,2,regular,web
U002169,2025-11-30,2,regular,web
U002170,2025-11-04,2,regular,mobile
U002171,2025-05-12,1,regular,web
U002172,2025-10-17,2,value,web
U002173,2025-05-21,1,value,web
U002174,2025-07-05,2,value,mobile
U002175,2025-10-21,3,value,web
U002176,2025-12-11,2,regular,web
U002177,2025-06-30,2,value,web
U002178,2025-06-05,3,value,mobile
U002179,2025-04-11,2,regular,web
U002180,2025-08-07,2,value,mobile
U002181,2025-09-17,1,regular,mobile
U002182,2025-05-08,2,value,mobile
U002183,2025-10-15,2,value,mobile
U002184,2025-10-09,2,regular,web
U002185,2025-05-20,2,premium,web
U002186,2025-04-30,1,value,web
U002187,2025-06-01,3,value,web
U002188,2025-05-27,2,value,web
U002189,2025-05-27,3,regular,mobile
U002190,2025-11-14,2,premium,web
U002191,2025-06-09,2,value,web
U002192,2025-08-28,1,value,mobile
U002193,2025-11-16,2,value,mobile
U002194,2025-10-14,2,value,web
U002195,2025-08-05,1,regular,web
U002196,2025-11-04,2,regular,mobile
U002197,2025-04-10,2,regular,web
U002198,2025-09-28,3,regular,mobile
U002199,2025-07-15,2,regular,mobile
U002200,2025-06-01,3,premium,mobile
U002201,2025-05-26,1,value,web
U002202,2025-10-25,1,value,mobile
U002203,2026-01-10,3,value,mobile
U002204,2025-05-08,1,regular,mobile
U002205,2025-07-02,1,regular,web
U002206,2025-06-22,2,regular,mobile
U002207,2025-08-25,2,regular,web
U002208,2025-08-13,1,regular,mobile
U002209,2025-10-18,2,regular,web
U002210,2025-05-08,2,value,web
U002211,2025-08-29,1,value,mobile
U002212,2025-05-05,2,regular,mobile
U002213,2025-11-24,2,value,web
U002214,2025-10-11,3,premium,web
U002215,2025-12-17,1,regular,web
U002216,2025-11-06,1,value,web
U002217,2025-10-21,2,regular,web
U002218,2025-07-21,1,regular,mobile
U002219,2025-12-06,3,regular,web
U002220,2025-07-27,3,premium,mobile
U002221,2025-06-15,2,value,mobile
U002222,2025-06-04,3,regular,mobile
U002223,2025-09-01,1,regular,web
U002224,2025-09-03,3,premium,web
U002225,2025-06-17,1,value,mobile
U002226,2025-09-20,1,regular,mobile
U002227,2025-06-04,1,value,web
U002228,2026-01-01,2,regular,web
U002229,2025-04-14,1,premium,web
U002230,2025-04-16,3,regular,web
U002231,2025-07-09,2,value,web
U002232,2025-12-25,2,premium,mobile
U002233,2025-06-05,2,regular,web
U002234,2026-01-18,2,regular,web
U002235,2025-07-11,3,premium,mobile
U002236,2025-07-14,2,regular,web
U002237,2025-05-05,2,value,web
U002238,2025-11-02,2,regular,mobile
U002239,2025-12-13,1,regular,mobile
U002240,2025-12-01,2,regular,mobile
U002241,2025-05-18,2,value,mobile
U002242,2025-10-11,1,regular,web
U002243,2025-08-13,3,value,web
U002244,2025-06-28,2,value,web
U002245,2025-11-13,2,value,web
U002246,2025-10-03,1,regular,web
U002247,2025-12-12,2,value,web
U002248,2025-12-16,2,value,web
U002249,2025-12-10,1,regular,web
U002250,2025-05-06,3,regular,mobile
U002251,2025-10-02,1,regular,web
U002252,2025-08-22,2,value,web
U002253,2025-05-26,2,regular,web
U002254,2025-04-11,2,value,mobile
U002255,2025-06-03,3,regular,mobile
U002256,2025-12-06,1,regular,web
U002257,2025-10-21,2,regular,web
U002258,2025-11-17,2,regular,web
U002259,2025-12-22,3,premium,web
U002260,2025-04-18,3,regular,web
U002261,2025-08-01,2,value,web
U002262,2025-11-08,2,regular,web
U002263,2025-11-05,2,value,mobile
U002264,2025-10-23,2,regular,web
U002265,2025-05-15,1,regular,web
U002266,2025-05-11,3,value,web
U002267,2025-08-07,2,regular,web
U002268,2025-09-04,1,value,mobile
U002269,2025-07-06,2,value,web
U002270,2025-10-22,2,value,mobile
U002271,2025-06-08,3,regular,web
U002272,2025-07-11,2,regular,web
U002273,2025-05-04,2,value,mobile
U002274,2025-08-29,3,regular,mobile
U002275,2025-11-06,2,premium,web
U002276,2026-01-13,3,premium,web
U002277,2025-06-14,2,regular,mobile
U002278,2025-10-06,1,value,mobile
U002279,2025-04-19,1,regular,web
U002280,2025-08-29,2,regular,web
U002281,2025-12-18,2,premium,web
U002282,2025-04-24,3,premium,web
U002283,2025-07-25,2,regular,mobile
U002284,2025-05-10,2,value,web
U002285,2025-09-06,2,value,web
U002286,2025-12-08,2,regular,web
U002287,2025-08-19,2,premium,mobile
U002288,2025-11-07,2,regular,mobile
U002289,2025-07-02,2,regular,mobile
U002290,2025-12-04,3,regular,web
U002291,2025-06-12,3,regular,mobile
U002292,2025-09-20,2,regular,web
U002293,2025-07-17,1,value,mobile
U002294,2025-09-19,3,value,mobile
U002295,2025-06-22,2,regular,mobile
U002296,2025-09-06,3,value,mobile
U002297,2025-06-22,3,value,mobile
U002298,2025-11-04,2,premium,mobile
U002299,2025-06-10,3,regular,mobile
U002300,2025-07-10,2,regular,mobile
U002301,2025-04-09,2,premium,mobile
U002302,2025-08-27,3,value,web
U002303,2025-04-05,2,value,web
U002304,2025-08-19,3,premium,web
U002305,2025-12-10,2,premium,mobile
U002306,2025-10-14,2,regular,web
U002307,2025-09-04,2,value,web
U002308,2025-06-06,2,regular,mobile
U002309,2025-12-14,2,value,mobile
U002310,2025-04-12,2,value,mobile
U002311,2025-05-31,2,premium,mobile
U002312,2025-04-30,3,value,mobile
U002313,2025-07-17,2,value,web
U002314,2025-05-27,3,value,web
U002315,2025-05-19,3,regular,mobile
U002316,2025-12-10,3,regular,mobile
U002317,2025-09-09,1,value,web
U002318,2025-10-30,1,regular,web
U002319,2025-09-05,2,premium,mobile
U002320,2025-11-09,2,value,mobile
U002321,2025-11-11,3,value,mobile
U002322,2025-08-12,2,regular,web
U002323,2025-12-06,2,value,web
U002324,2025-05-04,1,regular,mobile
U002325,2026-01-03,2,value,mobile
U002326,2025-08-18,3,value,mobile
U002327,2025-05-20,3,regular,web
U002328,2025-12-12,2,regular,web
U002329,2025-10-16,2,value,mobile
U002330,2025-08-31,2,value,mobile
U002331,2025-06-22,2,premium,web
U002332,2025-10-05,2,value,mobile
U002333,2025-11-24,3,value,web
U002334,2025-07-22,3,value,mobile
U002335,2025-05-18,2,value,web
U002336,2025-05-18,2,value,web
U002337,2025-11-21,3,premium,web
U002338,2025-10-04,2,value,web
U002339,2025-06-17,3,regular,web
U002340,2025-08-24,3,regular,mobile
U002341,2025-05-23,3,value,web
U002342,2025-07-14,1,value,mobile
U002343,2025-11-25,3,regular,web
U002344,2025-06-19,3,regular,mobile
U002345,2026-01-10,1,value,web
U002346,2025-10-24,2,value,web
U002347,2025-04-21,1,premium,web
U002348,2025-07-06,2,regular,mobile
U002349,2025-07-04,2,regular,web
U002350,2025-09-19,2,premium,mobile
U002351,2026-01-20,3,value,web
U002352,2025-06-19,2,value,web
U002353,2025-05-26,1,regular,mobile
U002354,2025-11-10,3,regular,mobile
U002355,2025-10-03,1,regular,mobile
U002356,2025-07-23,1,regular,mobile
U002357,2025-10-25,1,premium,web
U002358,2025-08-22,3,premium,web
U002359,2025-12-18,2,regular,mobile
U002360,2025-12-30,3,regular,mobile
U002361,2025-07-05,2,regular,web
U002362,2025-10-31,3,value,mobile
U002363,2025-08-29,3,value,web
U002364,2025-11-05,3,value,mobile
U002365,2025-07-21,2,regular,web
U002366,2025-07-12,2,premium,web
U002367,2025-04-10,2,regular,mobile
U002368,2025-12-05,2,value,mobile
U002369,2025-09-02,3,regular,mobile
U002370,2025-07-26,3,value,web
U002371,2025-09-08,2,regular,mobile
U002372,2026-01-17,1,regular,
U002373,2025-12-02,2,value,mobile
U002374,2025-12-21,2,value,mobile
U002375,2025-07-23,2,value,web
U002376,2025-10-13,1,value,web
U002377,2025-09-03,1,value,web
U002378,2025-12-02,1,regular,mobile
U002379,2025-11-03,2,regular,web
U002380,2025-09-10,1,premium,web
U002381,2025-08-22,1,regular,mobile
U002382,2025-11-04,1,regular,web
U002383,2025-08-28,2,value,mobile
U002384,2025-05-11,1,value,mobile
U002385,2025-04-20,1,regular,mobile
U002386,2026-01-17,2,value,web
U002387,2025-06-19,3,value,mobile
U002388,2025-11-23,3,regular,web
U002389,2025-05-08,2,value,mobile
U002390,2025-05-16,1,regular,web
U002391,2025-04-13,2,regular,web
U002392,2025-06-14,2,regular,mobile
U002393,2026-01-14,2,premium,mobile
U002394,2025-09-19,2,value,web
U002395,2025-04-07,2,value,mobile
U002396,2025-11-12,2,regular,mobile
U002397,2026-01-01,3,premium,web
U002398,2025-05-18,1,value,mobile
U002399,2025-09-12,2,regular,web
U002400,2026-01-09,1,premium,web
U002401,2025-07-10,2,value,mobile
U002402,2025-07-14,2,regular,mobile
U002403,2025-10-02,2,regular,web
U002404,2026-01-19,1,value,web
U002405,2025-12-30,2,regular,web
U002406,2025-11-10,1,premium,web
U002407,2025-06-26,1,regular,web
U002408,2025-08-24,2,regular,mobile
U002409,2025-05-25,3,regular,web
U002410,2025-07-19,2,value,web
U002411,2026-01-08,2,regular,web
U002412,2025-05-03,2,value,web
U002413,2025-05-12,2,premium,mobile
U002414,2025-04-30,1,premium,web
U002415,2025-06-01,1,regular,mobile
U002416,2025-10-05,3,premium,web
U002417,2025-07-22,2,regular,mobile
U002418,2025-11-16,2,value,mobile
U002419,2025-09-26,3,regular,mobile
U002420,2025-12-25,3,regular,mobile
U002421,2025-07-07,2,value,web
U002422,2025-07-20,2,regular,web
U002423,2025-04-15,2,value,mobile
U002424,2026-01-02,1,regular,web
U002425,2025-12-03,2,value,mobile
U002426,2025-06-30,2,value,web
U002427,2025-06-11,3,premium,mobile
U002428,2026-01-03,1,regular,web
U002429,2025-09-01,3,value,mobile
U002430,2025-12-28,1,regular,web
U002431,2025-07-05,2,premium,web
U002432,2025-05-20,1,regular,mobile
U002433,2025-09-22,3,regular,web
U002434,2025-12-11,3,value,web
U002435,2025-05-05,1,regular,mobile
U002436,2025-10-26,2,value,web
U002437,2025-04-15,2,premium,web
U002438,2025-10-26,2,regular,web
U002439,2025-12-16,2,value,web
U002440,2025-12-05,3,premium,web
U002441,2025-09-29,1,regular,web
U002442,2025-09-08,3,value,web
U002443,2025-05-13,2,value,web
U002444,2025-08-30,2,value,web
U002445,2025-12-31,2,regular,
U002446,2025-07-20,2,value,mobile
U002447,2025-06-25,2,value,mobile
U002448,2025-12-12,2,regular,web
U002449,2025-09-07,1,value,web
U002450,2025-12-23,1,value,mobile
U002451,2025-04-17,3,value,mobile
U002452,2025-05-21,2,value,web
U002453,2025-10-18,2,regular,web
U002454,2025-11-15,1,value,mobile
U002455,2026-01-13,2,premium,mobile
U002456,2025-06-24,3,value,mobile
U002457,2025-06-19,2,value,web
U002458,2025-05-28,2,value,web
U002459,2025-11-07,2,premium,web
U002460,2025-06-01,1,regular,web
U002461,2025-12-23,1,value,web
U002462,2025-09-18,1,value,web
U002463,2025-10-18,2,value,web
U002464,2025-06-25,3,regular,web
U002465,2025-11-02,1,regular,web
U002466,2025-06-14,2,regular,mobile
U002467,2025-05-25,1,regular,mobile
U002468,2025-05-03,1,regular,web
U002469,2025-05-19,3,regular,mobile
U002470,2025-07-08,1,value,mobile
U002471,2025-05-05,1,regular,mobile
U002472,2025-11-16,3,regular,web
U002473,2025-07-15,1,regular,mobile
U002474,2025-04-11,1,value,mobile
U002475,2025-12-21,3,value,mobile
U002476,2025-08-23,1,premium,mobile
U002477,2025-10-11,3,premium,web
U002478,2025-09-27,2,regular,mobile
U002479,2025-11-22,2,regular,mobile
U002480,2025-04-19,2,regular,mobile
U002481,2025-07-18,2,premium,web
U002482,2025-06-29,3,regular,web
U002483,2025-09-18,3,regular,web
U002484,2025-12-24,1,regular,mobile
U002485,2025-04-08,2,value,mobile
U002486,2026-01-19,1,regular,mobile
U002487,2025-08-20,2,regular,mobile
U002488,2025-12-08,1,regular,web
U002489,2026-01-07,2,regular,web
U002490,2025-05-24,2,regular,web
U002491,2025-06-10,2,premium,web
U002492,2025-11-13,3,value,mobile
U002493,2025-08-04,2,regular,
U002494,2025-08-14,1,regular,web
U002495,2025-07-04,1,value,mobile
U002496,2025-05-24,2,value,web
U002497,2025-12-05,3,regular,mobile
U002498,2025-08-22,2,value,mobile
U002499,2025-04-07,2,regular,web
U002500,2025-12-29,3,regular,mobile
U002501,2025-05-10,3,regular,mobile
U002502,2025-12-16,2,premium,
U002503,2025-10-27,2,value,mobile
U002504,2025-07-27,1,regular,web
U002505,2025-07-28,2,regular,web
U002506,2025-04-23,2,value,mobile
U002507,2025-07-28,2,regular,mobile
U002508,2025-12-23,1,premium,mobile
U002509,2025-12-17,3,value,web
U002510,2026-01-17,1,regular,mobile
U002511,2025-10-16,3,value,mobile
U002512,2025-08-31,3,regular,web
U002513,2025-11-25,1,regular,web
U002514,2025-06-09,3,value,web
U002515,2025-12-22,2,regular,mobile
U002516,2025-09-10,2,value,web
U002517,2025-08-13,2,value,mobile
U002518,2025-10-24,2,value,web
U002519,2025-09-23,1,premium,web
U002520,2025-08-23,2,premium,mobile
U002521,2025-12-22,2,regular,web
U002522,2025-07-16,2,value,mobile
U002523,2025-12-07,2,regular,mobile
U002524,2025-06-16,2,value,mobile
U002525,2025-08-02,2,premium,web
U002526,2025-06-30,3,value,web
U002527,2025-05-28,3,value,web
U002528,2025-04-19,1,value,mobile
U002529,2025-09-17,2,regular,web
U002530,2025-06-18,2,value,mobile
U002531,2026-01-19,3,value,web
U002532,2026-01-07,1,premium,mobile
U002533,2025-07-07,3,regular,mobile
U002534,2025-04-07,3,value,web
U002535,2025-11-07,2,premium,web
U002536,2025-11-02,2,regular,web
U002537,2025-07-17,2,premium,web
U002538,2025-11-20,2,value,web
U002539,2025-05-09,2,value,mobile
U002540,2025-07-31,3,regular,mobile
U002541,2025-06-04,2,regular,mobile
U002542,2025-09-25,3,value,web
U002543,2025-04-24,2,regular,web
U002544,2025-06-08,2,regular,mobile
U002545,2025-05-21,3,value,mobile
U002546,2025-10-16,1,regular,mobile
U002547,2025-08-02,3,regular,mobile
U002548,2025-10-27,3,regular,web
U002549,2025-05-12,3,regular,web
U002550,2025-11-04,2,value,web
U002551,2025-09-20,2,regular,web
U002552,2025-08-26,3,value,web
U002553,2025-07-25,2,value,mobile
U002554,2026-01-12,3,regular,web
U002555,2025-10-06,3,value,mobile
U002556,2025-12-13,3,value,mobile
U002557,2025-06-17,2,regular,mobile
U002558,2025-09-18,2,premium,mobile
U002559,2025-10-24,1,value,mobile
U002560,2025-10-20,1,regular,web
U002561,2025-08-10,1,value,mobile
U002562,2025-06-23,2,regular,web
U002563,2025-07-09,2,regular,web
U002564,2026-01-04,3,regular,mobile
U002565,2025-06-17,1,value,mobile
U002566,2025-10-09,1,regular,web
U002567,2025-10-22,3,regular,mobile
U002568,2025-12-21,2,regular,web
U002569,2025-08-02,1,regular,web
U002570,2025-06-27,3,premium,mobile
U002571,2025-04-26,1,regular,web
U002572,2026-01-15,3,premium,mobile
U002573,2025-08-10,2,value,mobile
U002574,2025-05-05,3,regular,web
U002575,2025-04-22,2,value,web
U002576,2025-09-06,3,value,mobile
U002577,2025-08-19,2,premium,web
U002578,2025-05-07,3,premium,mobile
U002579,2025-12-18,2,regular,mobile
U002580,2025-05-30,2,value,mobile
U002581,2025-07-23,2,value,web
U002582,2025-11-13,2,premium,mobile
U002583,2025-08-10,2,regular,mobile
U002584,2025-04-24,2,value,mobile
U002585,2025-10-16,2,regular,mobile
U002586,2025-07-25,1,regular,web
U002587,2025-11-04,2,regular,web
U002588,2025-05-30,2,premium,mobile
U002589,2025-09-27,2,regular,web
U002590,2025-12-08,2,value,mobile
U002591,2025-06-11,3,premium,mobile
U002592,2025-04-28,2,regular,mobile
U002593,2025-08-22,3,value,mobile
U002594,2025-07-11,1,premium,web
U002595,2025-10-02,2,regular,mobile
U002596,2025-12-10,3,regular,web
U002597,2025-12-30,1,regular,web
U002598,2025-10-21,3,value,web
U002599,2026-01-01,2,premium,web
U002600,2025-10-26,1,regular,web
